timestamp_ns,time_ms,voltage_left,current_left_ma,voltage_right,current_right_ma,motor_current_left,motor_current_right,euler_x,euler_y,euler_z,acc_lin_x,acc_lin_y,acc_lin_z,sonar_mm,tof_mm,rpm_left,rpm_right,rotations_left,rotations_right
1770930476792016324,3497,9.452,1.4,11.092,-0.7,-0.04,-0.06,-0.06,12.0,10.81,-0.01,0.02,-0.04,254.16,282.0,0.0,0.0,0.0,
1770930476894435832,4327,9.448,2.7,11.096,-0.7,-0.16,-0.06,-0.06,12.0,10.81,-0.02,0.0,0.0,249.7,281.0,0.0,0.0,0.0,
1770930476996846857,4427,9.376,30.6,10.976,-50.5,-1.99,0.59,-0.06,12.0,10.81,-0.15,-0.02,-0.33,253.65,282.0,8.34,13.34,0.0,0.0
1770930477095145909,4528,9.312,26.5,9.78,-42.3,-2.01,1.04,-0.06,12.0,10.81,0.2,-0.26,0.02,255.02,284.0,13.47,21.89,0.0,0.0
1770930477193400125,4628,9.428,13.1,11.04,-24.9,-1.41,0.53,-0.06,12.0,10.81,0.06,-0.03,-0.29,253.65,284.0,17.92,22.39,0.0,0.0
1770930477295862597,4728,9.328,24.7,10.84,-28.2,-0.94,0.51,0.0,11.94,10.81,-0.12,0.04,0.1,255.02,283.0,20.46,22.03,0.0,0.0
1770930477394156464,4828,9.26,22.9,11.076,-10.1,-0.57,1.0,0.0,11.94,10.81,-0.11,-0.03,0.17,255.02,282.0,24.42,21.89,0.0,0.0
1770930477496573248,4928,9.468,27.4,11.044,-15.7,-0.53,0.96,0.0,11.94,10.81,0.04,-0.01,-0.02,255.02,282.0,26.87,21.5,0.0,0.0
1770930477594876023,5027,11.096,22.9,9.82,-12.9,-0.43,0.86,0.0,11.94,10.81,0.05,0.0,-0.05,252.45,282.0,25.42,20.65,0.0,0.0
1770930477693150758,5127,9.244,22.1,10.444,-9.9,-0.61,0.78,0.0,11.94,10.81,-0.15,0.02,0.06,252.45,282.0,25.52,22.11,0.0,0.0
1770930477795583266,5227,9.436,16.8,11.04,-11.0,-0.45,0.47,0.0,11.94,10.81,0.0,0.03,0.03,251.08,282.0,25.44,21.93,0.0,0.0
1770930477893879651,5327,11.072,20.0,11.06,-10.3,-0.43,0.57,0.0,11.94,10.81,0.07,0.05,0.0,249.88,282.0,26.46,23.26,0.0,0.0
1770930477996306713,5427,9.452,30.0,11.044,-10.2,-0.37,1.07,0.0,11.94,10.81,-0.11,-0.01,0.1,248.5,283.0,25.52,20.41,0.0,0.0
1770930478094594468,5527,9.276,38.5,9.776,-14.1,-0.76,1.13,0.0,11.94,10.81,0.0,-0.01,0.0,250.73,283.0,24.82,17.73,0.0,0.0
1770930478202964436,5627,9.24,32.1,9.848,-16.9,-0.8,1.37,-0.06,12.0,10.81,0.24,0.05,-0.04,255.19,283.0,23.83,16.68,0.0,0.0
1770930478295299412,5727,9.912,36.4,11.032,-13.7,-0.8,1.48,-0.06,12.0,10.81,-0.04,0.0,-0.02,255.02,283.0,24.45,16.3,0.0,0.0
1770930478393621075,5826,9.352,33.0,10.912,-20.7,-1.23,1.62,-0.06,12.0,10.81,-0.14,-0.06,0.01,255.02,283.0,23.26,16.84,0.0,0.0
1770930478496029080,5926,9.152,19.2,11.06,-20.8,-1.37,0.88,-0.06,12.0,10.81,-0.09,-0.04,-0.11,157.09,283.0,22.34,20.62,0.0,0.0
1770930478594305667,6026,9.428,12.8,10.752,-41.0,-1.86,0.41,-0.06,12.0,10.81,0.11,0.02,-0.08,143.03,283.0,18.81,24.19,0.0,0.0
1770930478696703874,6126,10.424,23.5,10.888,-30.6,-1.68,1.0,-0.06,12.0,10.81,0.15,0.05,-0.04,251.08,282.0,16.53,22.03,0.0,0.0
1770930478795031094,6226,10.568,28.4,10.756,-33.4,-2.05,0.82,-0.06,12.0,10.81,-0.1,-0.03,0.08,253.13,281.0,15.84,20.84,0.0,0.0
1770930478893385185,6326,10.752,25.3,11.02,-41.5,-2.05,1.25,-0.06,12.0,10.81,-0.11,-0.03,0.1,156.58,281.0,15.39,19.92,0.0,0.0
1770930478995748502,6426,10.164,32.8,11.028,-48.6,-1.93,1.31,-0.06,12.0,10.81,0.07,-0.02,0.07,256.74,281.0,14.95,19.67,0.0,0.0
1770930479094051608,6526,9.368,32.1,11.012,-43.3,-1.86,1.17,-0.06,12.0,10.81,0.1,-0.05,-0.19,251.59,282.0,14.31,18.53,0.0,0.0
1770930479196460574,6626,10.672,37.2,10.84,-58.0,-2.05,1.37,-0.06,12.0,10.81,-0.01,0.02,-0.22,252.62,282.0,12.54,17.92,0.0,0.0
1770930479294760513,6726,11.064,19.9,10.88,-64.0,-2.4,0.98,-0.06,12.0,10.81,-0.12,0.07,0.1,255.02,282.0,11.8,18.1,0.0,0.0
1770930479397160590,6827,10.944,36.3,9.7,-59.9,-2.79,1.0,-0.06,12.0,10.81,0.0,0.04,0.35,255.19,282.0,11.65,18.81,0.0,0.0
1770930479495510143,6927,9.228,29.7,10.464,-56.9,-2.62,0.84,-0.06,12.0,10.81,-0.05,-0.03,0.25,253.99,282.0,11.92,19.07,0.0,0.0
1770930479597847605,7027,10.856,32.8,10.828,-60.7,-1.89,0.76,-0.06,12.0,10.81,-0.08,0.04,0.24,253.99,283.0,11.67,20.01,0.0,0.0
1770930479696172416,7128,10.364,22.6,10.832,-48.8,-2.66,0.86,-0.06,12.0,10.81,-0.05,-0.06,0.18,252.11,283.0,13.3,20.39,0.0,0.0
1770930479794467410,7227,10.952,19.1,11.024,-62.6,-3.11,0.63,-0.06,12.0,10.81,0.06,0.02,-0.02,254.51,282.0,12.03,21.65,0.0,0.0
1770930479896898804,7327,10.856,13.9,10.82,-47.6,-2.17,0.61,-0.06,12.0,10.81,0.05,-0.05,-0.46,255.19,281.0,10.31,22.34,0.0,0.0
1770930479995187335,7428,10.752,21.5,10.0,-64.8,-2.21,0.7,-0.06,12.06,10.81,-0.2,0.13,0.55,255.19,281.0,11.52,22.16,0.0,0.0
1770930480097637173,7528,11.036,17.7,9.564,-50.7,-2.32,0.59,-0.06,12.06,10.81,0.04,0.15,0.26,256.91,282.0,10.33,23.04,0.0,0.0
1770930480200002876,7628,10.492,23.2,10.98,-66.6,-2.15,0.94,-0.06,12.06,10.81,0.0,-0.14,-0.25,255.19,283.0,10.95,21.89,0.0,0.0
1770930480298312296,7729,10.452,15.4,10.852,-56.1,-1.91,0.74,-0.06,12.06,10.81,-0.24,0.3,0.7,253.65,283.0,12.41,22.16,0.0,0.0
1770930480396601159,7828,9.428,16.8,9.936,-53.4,-1.72,0.41,-0.06,12.06,10.81,-0.15,0.13,0.07,253.82,282.0,14.3,22.24,0.0,0.0
1770930480499031552,7928,11.052,26.4,9.904,-24.1,-1.68,0.9,-0.06,12.0,10.81,-0.02,0.08,-0.1,256.91,282.0,17.2,21.73,0.0,0.0
1770930480597316581,8029,9.108,15.1,9.8,-13.7,-0.82,0.55,-0.06,12.0,10.81,-0.12,0.01,-0.04,252.11,283.0,23.83,23.04,0.0,0.0
1770930480699768161,8129,10.744,16.1,11.06,-11.1,-0.9,0.47,-0.06,12.0,10.81,0.05,0.04,-0.12,257.94,282.0,25.59,22.29,0.0,0.0
1770930480798040504,8228,10.416,15.9,11.048,-8.3,-0.45,0.63,-0.06,12.0,10.81,0.05,-0.01,-0.01,253.65,282.0,25.35,23.54,0.0,0.0
1770930480900448321,8329,10.216,22.7,10.404,-15.3,-0.47,0.96,-0.06,12.0,10.81,-0.06,0.0,0.04,254.16,281.0,25.66,21.65,0.0,0.0
1770930480998738758,8429,9.112,39.1,10.96,-7.4,-0.7,1.13,-0.06,12.06,10.81,0.09,0.02,-0.17,252.45,282.0,25.84,16.67,0.0,0.0
1770930481101151612,8529,11.064,48.1,11.04,-14.6,-0.37,1.43,-0.06,12.0,10.81,-0.09,0.0,0.07,253.65,282.0,26.59,15.95,0.0,0.0
1770930481199454030,8630,9.352,32.7,10.916,-9.3,-0.82,1.46,-0.06,12.0,10.81,-0.05,0.09,0.02,248.16,282.0,26.46,15.24,0.0,0.0
1770930481301896497,8730,9.36,39.2,11.032,-18.3,-0.41,1.09,-0.06,12.0,10.81,-0.04,-0.02,0.0,248.5,282.0,25.84,15.84,0.0,0.0
1770930481400209508,8830,9.176,29.7,9.588,-12.3,-0.92,0.72,-0.06,12.0,10.81,0.12,-0.02,-0.19,250.9,282.0,23.93,18.61,0.0,0.0
1770930481498473665,8930,9.372,15.7,11.036,-15.6,-0.96,0.33,-0.06,12.0,10.81,-0.03,0.0,-0.03,253.65,281.0,23.26,24.06,0.0,0.0
1770930481600847757,9030,9.48,24.0,11.048,-43.0,-1.13,0.51,-0.06,12.0,10.81,-0.03,-0.01,0.01,250.39,281.0,23.93,23.93,0.0,0.0
1770930481699188511,9131,9.172,20.6,11.06,-21.4,-0.68,0.8,-0.06,12.0,10.81,-0.13,0.0,0.07,255.19,281.0,24.63,22.24,0.0,0.0
1770930481801590086,9231,10.736,27.3,11.048,-18.3,-1.0,1.25,-0.06,12.0,10.81,0.0,-0.01,0.01,164.13,280.0,22.96,21.26,0.0,0.0
1770930481899897801,9331,11.064,23.1,10.988,-34.4,-1.02,0.86,-0.06,12.0,10.81,0.08,0.06,-0.04,144.57,280.0,20.17,19.3,0.0,0.0
1770930482002305765,9431,9.476,27.4,11.036,-28.0,-1.43,1.19,-0.06,12.0,10.81,-0.08,0.01,0.09,250.39,281.0,20.65,19.07,0.0,0.0
1770930482100614405,9531,9.884,27.3,10.576,-32.3,-1.56,1.04,-0.06,12.0,10.81,0.01,0.01,0.07,255.36,282.0,18.34,17.51,0.0,0.0
1770930482202991514,9631,10.776,34.2,10.996,-50.4,-2.09,1.25,-0.06,12.0,10.81,0.0,0.0,-0.01,148.18,282.0,16.3,19.01,0.0,0.0
1770930482301302617,9732,10.644,28.9,10.676,-40.4,-2.3,1.11,-0.06,12.0,10.81,0.08,-0.02,-0.21,254.68,282.0,14.95,18.89,0.0,0.0
1770930482403718062,9832,10.912,29.3,10.988,-47.2,-2.34,1.09,-0.06,12.0,10.81,-0.1,0.0,-0.08,252.11,282.0,13.34,18.34,0.0,0.0
1770930482502058556,9932,10.044,32.1,10.092,-60.5,-2.09,0.86,-0.06,12.0,10.81,-0.09,0.0,0.13,258.28,282.0,11.65,18.81,0.0,0.0
1770930482604429110,10033,9.848,30.0,10.936,-48.2,-2.09,0.78,-0.06,12.0,10.81,-0.11,-0.06,0.31,259.48,281.0,11.92,19.86,0.0,0.0
1770930482702719267,10133,10.896,21.0,11.012,-41.5,-2.5,0.7,-0.06,12.0,10.81,0.11,-0.03,-0.13,253.48,281.0,12.51,20.84,0.0,0.0
1770930482805212069,10233,9.988,23.0,11.004,-45.1,-2.62,0.84,-0.06,12.0,10.81,-0.06,-0.09,0.15,251.25,281.0,12.54,21.5,0.0,2.0
1770930482903414239,10334,10.516,19.8,10.992,-59.1,-2.48,0.98,-0.06,12.0,10.81,-0.02,0.18,-0.03,251.25,281.0,12.71,21.45,0.0,2.0
1770930483005864705,10434,10.524,16.2,10.576,-46.9,-2.27,0.49,-0.06,12.0,10.81,0.01,0.0,-0.08,253.99,281.0,11.56,21.46,0.0,2.0
1770930483104166158,10534,11.028,24.7,10.952,-66.3,-2.17,0.82,-0.06,12.0,10.81,-0.02,-0.11,-0.05,249.53,281.0,11.65,21.5,0.0,2.0
1770930483206573528,10634,10.688,18.6,10.68,-59.0,-2.85,0.47,-0.06,12.0,10.81,-0.14,0.15,0.39,251.08,282.0,10.53,21.05,0.0,2.0
1770930483304868592,10734,10.996,24.8,11.032,-51.5,-2.68,0.98,-0.06,12.0,10.81,0.21,0.03,-0.69,255.19,282.0,10.53,21.05,0.0,2.0
1770930483403173379,10834,10.488,22.8,11.012,-47.2,-2.29,0.86,-0.06,12.0,10.81,0.16,-0.19,-0.69,253.99,281.0,12.03,22.45,0.0,2.0
1770930483505568599,10934,10.368,26.5,10.996,-45.6,-2.44,1.09,-0.06,12.0,10.81,0.06,0.17,-0.25,252.62,282.0,12.89,21.48,2.0,2.0
1770930483603879053,11033,11.024,15.4,10.532,-44.0,-2.25,0.7,-0.06,12.0,10.81,0.01,0.19,0.01,255.02,282.0,14.18,22.16,2.0,2.0
1770930483702144041,11133,10.892,22.4,11.032,-25.6,-1.48,1.02,-0.06,12.0,10.81,0.02,0.03,-0.33,255.02,281.0,17.64,22.45,2.0,2.0
1770930483804606859,11233,10.088,23.3,11.004,-28.8,-1.11,1.11,-0.06,12.0,10.81,-0.04,-0.05,-0.04,252.62,281.0,22.34,19.76,2.0,2.0
1770930483907003505,11333,10.916,32.1,11.016,-10.8,-0.68,1.21,-0.06,12.0,10.81,-0.15,-0.06,-0.16,253.65,281.0,23.68,16.67,2.0,2.0
1770930484005319552,11433,9.264,29.5,9.932,-11.2,-0.72,1.43,-0.06,12.0,10.81,0.12,0.05,-0.12,253.65,282.0,26.21,16.68,2.0,2.0
1770930484103609466,11533,11.08,38.8,9.752,-13.4,-0.27,1.11,-0.06,12.0,10.81,0.15,0.05,-0.05,253.82,282.0,26.26,16.3,2.0,2.0
1770930484206024261,11633,10.424,38.9,11.02,-16.8,-0.7,1.48,-0.06,11.94,10.81,-0.11,-0.05,0.0,255.02,282.0,25.97,15.74,2.0,2.0
1770930484304327917,11732,10.556,42.7,10.92,-8.1,-0.68,1.72,-0.06,11.94,10.81,-0.01,-0.03,-0.06,253.65,281.0,26.1,16.0,2.0,2.0
1770930484402597164,11832,9.392,16.7,10.752,-13.4,-0.37,0.59,-0.06,11.94,10.81,0.0,0.15,0.03,252.28,281.0,26.26,19.92,2.0,2.0
1770930484505057351,11932,9.484,16.9,11.056,-10.1,-0.59,0.35,-0.06,11.88,10.81,0.06,-0.37,0.22,250.9,282.0,25.97,23.61,2.0,2.0
1770930484603292002,12033,10.68,16.8,10.492,-14.2,-1.07,0.47,-0.06,11.88,10.81,0.04,-0.02,-0.04,249.88,281.0,24.42,22.74,2.0,2.0
1770930484705726428,12133,9.5,25.3,11.016,-18.1,-1.09,0.8,-0.06,11.88,10.81,0.0,0.0,-0.13,249.36,281.0,24.19,21.5,2.0,2.0
1770930484804046437,12233,9.508,19.6,11.052,-21.1,-0.64,0.86,-0.06,11.88,10.81,0.0,0.0,-0.01,247.99,283.0,24.4,19.67,2.0,2.0
1770930484906463695,12333,10.98,20.5,9.804,-12.2,-0.9,1.17,-0.06,11.88,10.81,-0.02,0.02,-0.03,252.62,281.0,24.67,18.71,2.0,2.0
1770930485004760573,12433,11.076,41.1,10.748,-22.6,-0.63,1.37,-0.06,11.88,10.81,0.05,-0.01,-0.09,161.21,281.0,24.19,17.92,2.0,2.0
1770930485107175996,12533,11.04,37.4,11.056,-22.6,-1.37,1.66,-0.06,11.88,10.81,0.0,0.0,-0.04,145.6,282.0,22.03,18.1,2.0,2.0
1770930485205474985,12634,11.048,30.5,10.424,-25.7,-1.6,1.13,-0.06,11.88,10.81,-0.03,0.01,0.0,247.82,282.0,21.05,18.53,2.0,2.0
1770930485307884204,12734,10.888,28.5,11.02,-43.1,-1.27,1.25,-0.06,11.88,10.81,0.0,0.06,-0.11,257.94,282.0,18.61,18.61,2.0,2.0
1770930485406198156,12834,10.844,32.4,10.504,-44.2,-2.23,0.88,-0.06,11.88,10.81,0.0,0.02,0.09,148.18,282.0,16.68,19.07,2.0,2.0
1770930485508613024,12934,9.524,24.5,10.992,-44.5,-2.4,0.8,-0.06,11.88,10.81,0.05,-0.01,-0.07,255.19,282.0,15.23,18.81,2.0,2.0
1770930485606895530,13034,10.172,23.2,10.308,-45.0,-2.44,0.96,-0.06,11.88,10.81,-0.03,0.0,0.11,253.99,282.0,14.3,19.86,2.0,2.0
1770930485705206426,13134,10.944,14.6,11.016,-48.5,-2.09,0.55,-0.06,11.88,10.81,0.07,-0.14,-0.13,252.62,281.0,13.47,21.89,2.0,2.0
1770930485807605108,13234,10.116,21.0,11.0,-47.3,-2.17,0.43,-0.06,11.88,10.81,0.01,-0.08,-0.09,253.65,281.0,10.98,21.97,2.0,2.0
1770930485905909874,13333,11.068,23.6,10.584,-44.0,-2.62,0.61,0.0,11.88,10.81,0.11,0.07,-0.33,253.99,282.0,11.92,22.24,2.0,2.0
1770930486004204158,13433,10.596,18.9,10.564,-53.9,-2.83,0.45,0.0,11.88,10.81,-0.06,0.1,0.21,254.16,282.0,11.91,22.96,2.0,2.0
1770930486106635008,13533,10.208,21.7,10.928,-58.7,-2.13,0.61,0.0,11.88,10.81,0.0,-0.06,0.27,253.31,282.0,12.54,22.39,2.0,2.0
1770930486204925550,13632,10.308,17.3,10.94,-60.5,-2.34,0.51,0.0,11.88,10.81,0.0,-0.05,0.0,253.99,281.0,13.5,23.04,2.0,2.0
1770930486303228741,13732,10.144,16.3,10.792,-65.2,-2.54,0.47,-0.06,11.88,10.81,0.16,0.0,-0.22,249.88,281.0,11.65,24.19,2.0,2.0
1770930486405633941,13832,10.712,18.5,10.348,-63.8,-2.32,0.88,-0.06,11.88,10.81,0.04,0.05,-0.04,253.65,282.0,11.92,23.04,2.0,2.0
1770930486504007822,13932,10.44,19.0,10.88,-65.9,-2.17,0.72,-0.06,11.94,10.81,-0.1,0.12,0.24,252.11,282.0,11.67,23.34,2.0,2.0
1770930486606312922,14032,10.348,16.3,10.916,-46.2,-2.25,0.47,-0.06,11.88,10.81,0.0,0.11,0.12,253.65,282.0,11.65,24.19,2.0,2.0
1770930486704607465,14133,9.812,20.4,10.74,-45.9,-1.93,0.64,0.0,11.88,10.81,0.0,-0.11,-0.01,252.62,282.0,13.5,24.63,2.0,2.0
1770930486807061278,14233,10.512,27.0,10.944,-42.6,-1.46,0.57,0.0,11.88,10.81,-0.05,0.0,0.12,251.25,282.0,15.84,21.68,2.0,2.0
1770930486905363266,14333,9.288,31.7,10.74,-25.2,-1.04,1.6,0.0,11.88,10.81,0.12,0.04,-0.21,253.99,282.0,20.6,17.02,2.0,2.0
1770930487007762854,14433,11.024,38.6,11.052,-15.1,-0.86,0.96,0.0,11.88,10.81,0.02,0.02,-0.06,255.19,282.0,23.04,16.68,2.0,2.0
1770930487106114936,14533,9.228,49.5,11.028,-13.0,-0.82,1.58,0.0,11.88,10.81,-0.01,0.0,-0.04,252.79,282.0,25.26,15.16,2.0,2.0
1770930487208493744,14633,9.468,42.9,9.788,-8.7,-0.59,1.23,0.0,11.88,10.81,0.01,-0.02,-0.02,252.79,282.0,26.59,15.07,2.0,2.0
1770930487306782915,14733,9.404,18.0,11.032,-13.4,-0.41,0.68,0.0,11.88,10.81,-0.07,-0.01,0.05,252.96,282.0,26.46,20.05,2.0,2.0
1770930487409215430,14833,10.72,14.5,11.06,-10.9,-0.72,0.61,0.0,11.81,10.81,0.03,0.02,-0.05,255.02,282.0,26.1,22.74,2.0,2.0
1770930487507499101,14934,9.744,21.3,9.76,-9.0,-0.66,1.0,0.0,11.81,10.81,0.0,0.01,0.01,253.99,282.0,25.98,22.39,2.0,2.0
1770930487609859908,15034,10.904,27.9,10.804,-14.2,-0.1,1.15,0.0,11.81,10.81,0.06,-0.29,-0.13,250.9,281.0,27.01,20.65,2.0,2.0
1770930487708243381,15134,11.068,24.2,11.052,-13.7,-0.31,1.02,0.0,11.81,10.81,-0.08,0.16,0.02,247.13,282.0,25.59,19.81,2.0,2.0
1770930487810600984,15235,9.604,24.9,11.02,-11.9,-0.86,1.48,0.0,11.81,10.81,0.02,0.03,0.02,249.88,282.0,25.35,19.92,2.0,2.0
1770930487908919101,15335,9.636,33.3,10.548,-18.1,-0.74,0.94,0.0,11.81,10.81,0.05,0.03,-0.02,255.02,281.0,24.4,18.1,2.0,2.0
1770930488017282651,15435,9.34,36.5,9.724,-13.7,-0.51,1.09,0.0,11.81,10.75,-0.03,-0.04,-0.03,255.19,281.0,25.35,18.11,2.0,2.0
1770930488109627063,15535,11.056,25.7,10.444,-19.5,-0.78,1.04,0.0,11.81,10.75,0.19,0.03,-0.11,161.21,283.0,25.1,18.62,2.0,2.0
1770930488207926733,15635,10.556,35.3,11.016,-15.4,-0.86,1.31,0.0,11.81,10.75,-0.14,0.04,0.03,149.72,281.0,22.51,18.34,2.0,2.0
1770930488310366137,15735,11.06,25.1,11.0,-23.4,-1.52,0.96,0.0,11.81,10.75,0.1,0.03,-0.02,148.69,281.0,21.5,17.92,2.0,2.0
1770930488412742166,15836,9.476,29.5,9.716,-30.9,-1.93,1.27,0.0,11.81,10.75,0.0,-0.02,0.11,255.19,281.0,18.89,19.67,2.0,2.0
1770930488511062653,15936,9.048,28.9,11.016,-45.4,-1.56,1.25,0.0,11.81,10.75,0.06,-0.01,0.0,150.92,281.0,17.68,19.37,2.0,2.0
1770930488613420199,16036,10.884,25.3,10.712,-52.1,-2.01,0.72,0.0,11.81,10.75,-0.02,0.04,0.03,256.74,281.0,15.23,21.5,2.0,2.0
1770930488711761168,16137,10.904,21.9,10.344,-37.0,-1.89,0.84,0.0,11.81,10.75,-0.04,0.04,-0.01,253.13,281.0,15.74,22.03,2.0,4.0
1770930488814159384,16237,10.436,14.8,11.004,-44.1,-2.09,0.53,0.0,11.81,10.75,-0.02,0.0,0.26,258.28,281.0,13.44,22.39,2.0,4.0
1770930488912500224,16337,9.344,17.5,10.576,-52.4,-2.87,0.47,0.0,11.81,10.75,0.06,0.15,-0.11,250.56,281.0,12.71,23.04,2.0,4.0
1770930489010875029,16437,10.028,21.0,10.42,-73.9,-2.75,0.8,0.0,11.81,10.75,0.0,-0.11,0.25,254.51,281.0,11.79,22.74,2.0,4.0
1770930489113169533,16537,10.352,19.5,10.528,-48.9,-2.27,0.7,0.0,11.81,10.75,0.0,-0.01,-0.22,249.02,281.0,12.41,23.05,2.0,4.0
1770930489211463203,16637,10.848,17.5,10.62,-54.3,-1.78,0.45,0.0,11.81,10.75,-0.09,-0.05,0.15,255.19,282.0,13.5,23.83,2.0,4.0
1770930489313876826,16737,11.008,18.8,10.9,-44.4,-2.4,0.47,0.0,11.81,10.75,-0.03,0.06,0.14,253.48,283.0,12.76,23.82,2.0,4.0
1770930489412208423,16837,9.4,15.2,10.532,-61.1,-2.56,0.37,0.0,11.81,10.75,0.14,-0.08,-0.19,252.11,283.0,12.41,23.93,2.0,4.0
1770930489510503722,16937,10.74,16.9,9.808,-59.3,-2.11,0.43,0.0,11.81,10.75,0.11,0.01,-0.39,253.13,282.0,11.8,24.4,2.0,4.0
1770930489612895474,17037,9.608,15.6,11.0,-51.7,-2.19,0.66,0.0,11.81,10.75,-0.03,0.09,-0.01,251.25,282.0,12.76,23.82,2.0,4.0
1770930489711127065,17137,9.832,17.9,10.82,-43.3,-2.66,0.86,0.0,11.81,10.81,-0.1,-0.11,0.42,252.62,282.0,12.41,20.39,2.0,4.0
1770930489813679697,17238,9.472,29.8,10.928,-49.2,-1.7,1.13,0.0,11.88,10.81,0.06,-0.06,-0.19,252.62,282.0,15.09,16.68,4.0,4.0
1770930489911901658,17338,10.576,41.6,9.636,-36.4,-1.88,1.13,0.0,11.81,10.81,0.0,-0.03,-0.08,255.02,282.0,17.34,15.69,4.0,4.0
1770930490014328560,17438,10.14,41.5,10.672,-29.1,-1.19,1.37,0.0,11.81,10.81,0.06,-0.09,-0.14,252.62,282.0,21.73,15.39,4.0,4.0
1770930490116748349,17539,11.112,32.9,9.704,-21.6,-0.68,1.5,0.0,11.81,10.75,0.07,-0.03,0.01,255.19,281.0,22.82,14.95,4.0,4.0
1770930490215027035,17639,11.084,19.9,9.488,-14.6,-0.63,1.13,0.0,11.75,10.75,0.0,-0.04,-0.04,253.65,281.0,25.98,20.6,4.0,4.0
1770930490313335611,17739,11.104,24.8,10.856,-14.5,-0.59,0.63,0.0,11.75,10.75,0.01,0.0,-0.03,251.25,282.0,26.21,22.24,4.0,4.0
1770930490415812256,17839,11.016,30.2,9.924,-10.1,-0.7,1.27,0.0,11.69,10.75,-0.06,-0.04,0.05,253.65,282.0,26.1,21.05,4.0,4.0
1770930490514057847,17939,9.356,19.1,11.02,-14.1,-0.49,0.68,0.0,11.69,10.75,0.04,0.0,0.0,253.99,282.0,26.26,20.82,4.0,4.0
1770930490616429059,18039,9.148,30.7,11.016,-9.6,-0.68,0.76,0.0,11.69,10.75,0.13,0.01,-0.03,255.19,282.0,25.73,19.49,4.0,4.0
1770930490714755156,18139,11.048,24.3,11.0,-16.9,-0.25,1.04,0.0,11.69,10.75,-0.04,-0.02,0.0,249.88,282.0,26.64,18.9,4.0,4.0
1770930490817164611,18239,9.784,40.0,10.74,-11.5,-0.61,1.21,0.0,11.69,10.75,0.08,0.03,0.0,251.08,282.0,25.08,17.92,4.0,4.0
1770930490915474410,18339,10.024,28.9,9.788,-10.4,-0.64,1.37,0.0,11.69,10.75,-0.08,0.01,0.0,247.99,282.0,25.18,18.1,4.0,4.0
1770930491013721983,18439,9.148,32.9,11.044,-8.3,-0.86,1.19,0.0,11.69,10.75,0.0,0.0,-0.03,255.19,282.0,25.78,19.76,4.0,4.0
1770930491116186311,18539,9.164,36.9,11.024,-15.2,-0.47,1.13,0.0,11.69,10.75,0.08,-0.02,0.0,253.99,282.0,25.98,19.71,4.0,4.0
1770930491214489998,18639,9.36,17.0,9.604,-16.0,-0.59,1.04,0.0,11.69,10.75,-0.14,-0.04,0.14,165.5,283.0,25.42,20.65,4.0,4.0
1770930491316921472,18739,9.632,19.1,11.056,-18.4,-1.0,0.64,0.0,11.69,10.75,0.16,0.0,-0.15,143.2,283.0,23.54,21.73,4.0,4.0
1770930491415192712,18838,9.116,17.0,9.884,-22.2,-1.33,0.39,0.0,11.69,10.75,0.01,0.06,0.09,155.72,282.0,21.25,22.03,4.0,4.0
1770930491513514677,18938,10.872,23.6,11.036,-31.0,-1.64,0.78,0.0,11.69,10.75,0.09,0.06,0.03,256.74,282.0,19.37,22.74,4.0,4.0
1770930491615884648,19038,9.376,15.0,11.028,-33.6,-1.41,0.72,0.0,11.69,10.75,0.0,-0.13,0.14,145.26,282.0,18.11,22.64,4.0,4.0
1770930491714209650,19138,9.396,21.3,11.028,-36.9,-1.66,0.72,0.0,11.69,10.75,-0.01,0.0,0.12,253.13,282.0,15.59,22.61,4.0,4.0
1770930491812498984,19238,9.644,20.5,10.568,-59.5,-2.03,0.57,0.0,11.69,10.75,0.01,0.0,-0.14,253.13,283.0,15.16,23.58,4.0,4.0
1770930491914924866,19338,10.456,17.7,11.032,-47.1,-2.71,0.27,0.0,11.69,10.75,0.22,0.03,-0.2,254.51,283.0,12.81,22.88,4.0,4.0
1770930492017332172,19438,9.248,15.9,10.156,-62.9,-2.15,0.53,0.0,11.69,10.75,0.01,0.19,-0.04,253.13,283.0,12.59,22.82,4.0,4.0
1770930492115634079,19538,10.692,23.7,11.02,-47.0,-2.48,0.92,0.0,11.69,10.75,-0.05,-0.11,0.27,247.82,283.0,12.51,23.34,4.0,4.0
1770930492213948229,19638,9.432,24.5,10.664,-49.5,-2.5,0.9,0.0,11.75,10.75,0.15,0.03,-0.35,253.13,283.0,12.81,21.05,4.0,4.0
1770930492322305959,19737,10.984,15.6,11.012,-47.0,-2.7,0.51,0.0,11.75,10.75,0.16,0.09,-0.12,252.96,283.0,13.5,21.45,4.0,4.0
1770930492414653775,19837,10.34,23.5,10.696,-48.5,-2.36,0.64,0.0,11.75,10.75,0.17,0.41,-0.95,251.42,282.0,12.76,22.96,4.0,4.0
1770930492512940663,19937,10.664,33.4,10.972,-49.7,-2.03,0.82,0.0,11.81,10.75,0.23,0.38,-0.52,255.02,282.0,13.44,19.71,4.0,4.0
1770930492615338968,20037,9.22,41.5,11.008,-42.3,-2.05,1.27,0.0,11.81,10.75,0.33,0.13,-0.08,253.65,284.0,14.17,17.31,4.0,4.0
1770930492713668951,20137,10.324,31.2,10.98,-52.6,-1.84,1.68,0.0,11.81,10.81,-0.08,-1.51,1.56,252.62,284.0,15.39,17.2,4.0,4.0
1770930492816066126,20237,10.012,39.9,10.832,-47.6,-1.68,1.21,0.0,11.81,10.75,-0.52,0.0,0.69,255.02,284.0,15.89,15.89,4.0,4.0
1770930492914385017,20337,9.192,45.4,10.912,-30.6,-1.31,1.58,0.0,11.81,10.75,0.42,0.07,-0.16,252.62,284.0,18.53,16.0,4.0,4.0
1770930493012682109,20436,10.696,35.5,10.892,-19.9,-1.0,1.56,0.0,11.81,10.75,0.38,0.08,-0.21,253.48,284.0,21.5,15.23,4.0,4.0
1770930493115079913,20536,9.16,33.3,11.016,-20.8,-0.59,1.11,0.0,11.75,10.75,0.32,-0.13,-0.17,255.36,285.0,24.06,17.64,4.0,4.0
1770930493213393709,20636,9.368,20.7,10.656,-12.3,-0.59,0.8,0.06,11.5,10.63,0.33,0.0,-0.05,259.31,283.0,24.77,21.46,4.0,4.0
1770930493315794513,20737,9.42,26.4,10.252,-10.8,-0.2,0.76,0.0,11.56,10.63,0.11,0.1,0.04,255.02,283.0,25.98,22.39,4.0,4.0
1770930493414130182,20836,11.064,19.8,9.732,-18.9,-0.47,0.8,0.0,11.5,10.63,-0.13,-0.1,0.53,252.62,284.0,26.46,20.05,4.0,4.0
1770930493516509373,20936,9.952,28.5,11.032,-13.5,-0.35,0.7,0.0,11.5,10.63,-0.3,0.02,0.03,253.99,284.0,25.7,19.5,4.0,4.0
1770930493614784908,21037,11.032,24.9,11.044,-9.2,-0.43,0.82,0.0,11.44,10.63,-0.25,-0.02,0.02,253.99,283.0,26.21,19.86,4.0,4.0
1770930493717235733,21137,10.56,25.8,9.532,-9.4,-0.53,1.25,-0.06,11.5,10.63,-0.09,0.03,0.0,248.5,284.0,25.84,18.34,4.0,4.0
1770930493815525343,21237,11.048,25.9,10.848,-12.5,-0.49,1.25,-0.06,11.5,10.63,0.0,0.03,-0.13,253.65,284.0,26.59,17.73,4.0,4.0
1770930493917921369,21338,10.02,34.7,11.06,-17.1,-0.51,1.17,0.0,11.5,10.63,0.04,-0.02,0.02,248.85,283.0,26.21,19.07,4.0,4.0
1770930494016241240,21438,10.156,28.7,11.012,-15.1,-0.82,1.04,0.0,11.38,10.56,-0.13,0.17,0.15,249.53,283.0,25.84,18.34,4.0,4.0
1770930494118635172,21538,9.372,26.7,11.008,-11.4,-0.64,0.82,0.19,11.31,10.5,0.2,-0.15,-0.39,252.28,283.0,26.26,18.11,4.0,4.0
1770930494216937356,21639,9.18,22.9,11.02,-15.3,-1.13,0.96,0.25,11.19,10.44,-0.05,-0.25,0.21,148.69,284.0,24.63,19.07,4.0,4.0
1770930494319346363,21739,10.296,22.7,10.34,-21.3,-1.33,1.0,0.12,10.5,10.63,0.06,0.1,0.77,135.83,285.0,21.68,19.18,4.0,4.0
1770930494417660918,21839,10.716,17.0,11.088,-23.7,-1.29,0.98,-0.19,9.19,11.5,-1.34,0.17,0.76,254.51,285.0,20.39,19.5,4.0,4.0
1770930494515969880,21939,10.996,21.9,10.652,-29.9,-1.45,0.88,-1.06,11.56,13.56,1.61,-0.97,-0.09,259.82,285.0,20.05,20.85,4.0,4.0
1770930494618349441,22038,9.312,15.4,9.964,-37.6,-1.86,0.57,-0.63,11.19,12.44,0.13,-0.44,-0.21,293.61,301.0,16.84,21.89,4.0,6.0
1770930494716716518,22138,10.632,24.0,10.14,-43.3,-1.84,0.94,-0.94,11.19,10.69,-0.58,0.52,-0.09,316.07,301.0,15.39,24.45,4.0,6.0
1770930494814942901,22238,10.572,16.3,10.728,-46.7,-2.07,0.29,-1.63,12.19,10.06,0.26,0.53,-0.5,322.76,334.0,15.24,24.06,4.0,6.0
1770930494917380761,22338,9.46,19.0,11.036,-63.3,-2.07,0.84,-2.13,12.25,10.56,-0.24,-0.21,-0.11,322.08,334.0,13.44,23.29,4.0,6.0
1770930495015682630,22437,10.12,26.2,10.748,-50.6,-2.5,0.8,-4.63,12.13,10.25,0.29,-0.04,0.07,329.28,349.0,12.83,26.46,4.0,6.0
1770930495118086322,22537,9.532,20.7,10.908,-53.9,-2.58,0.76,-7.75,11.88,9.38,0.18,0.16,-0.2,339.57,358.0,12.76,27.22,4.0,6.0
1770930495216395931,22637,10.924,33.7,9.744,-60.8,-2.25,0.78,-10.44,11.5,9.31,-0.43,0.02,0.6,339.74,358.0,11.4,33.33,4.0,6.0
1770930495314712671,22736,10.816,37.2,9.836,-48.2,-2.83,1.02,-12.81,12.38,9.88,0.25,-0.26,-0.15,335.45,365.0,13.63,42.5,4.0,6.0
1770930495417111195,22836,9.26,72.7,10.024,-46.2,-2.25,1.29,-15.63,11.88,10.25,-0.22,0.04,-0.12,344.03,371.0,13.47,42.94,4.0,6.0
1770930495515382802,22936,9.408,78.3,11.044,-47.3,-1.74,1.45,-18.56,10.56,10.56,-0.52,-0.13,0.02,342.14,371.0,14.18,46.09,4.0,6.0
1770930495613690355,23036,10.336,53.7,10.676,-88.3,-2.38,0.96,-21.5,10.25,10.38,0.19,-0.22,0.0,335.63,374.0,16.68,58.78,4.0,6.0
1770930495716128160,23136,9.312,62.3,11.068,-46.4,-1.72,1.39,-23.44,9.94,9.56,-0.51,0.46,0.15,347.63,375.0,17.01,63.79,4.0,6.0
1770930495814383673,23236,9.38,95.5,11.076,-37.3,-1.88,0.94,-25.25,9.88,9.13,0.01,0.04,-0.1,337.85,375.0,17.73,67.36,6.0,6.0
1770930495916847090,23336,10.308,86.4,11.076,-28.4,-0.84,0.88,-27.31,10.13,9.0,0.23,-0.27,-0.03,340.94,379.0,20.65,73.08,6.0,6.0
1770930496015141458,23436,9.42,79.5,11.072,-19.2,-1.07,1.25,-28.81,9.75,9.0,-0.04,-0.2,-0.01,337.34,379.0,22.64,76.96,6.0,6.0
1770930496117548223,23536,9.168,73.3,11.072,-18.1,-0.59,0.88,-29.75,10.13,8.88,-0.02,0.0,0.0,335.28,377.0,25.18,81.84,6.0,6.0
1770930496215846460,23636,9.2,63.3,11.052,-8.7,-0.53,0.45,-30.94,10.56,8.63,0.15,0.0,-0.27,337.85,379.0,26.1,86.73,6.0,6.0
1770930496314166662,23736,9.32,102.7,11.06,-15.1,-0.43,1.74,-31.81,10.31,8.19,0.32,-0.41,-0.67,339.06,379.0,26.54,81.46,6.0,6.0
1770930496416571501,23835,11.068,89.6,10.472,-8.8,-0.72,0.82,-32.75,10.69,8.25,0.4,-0.44,-0.06,339.4,379.0,26.21,87.38,6.0,6.0
1770930496514872812,23936,9.12,116.4,11.08,-13.7,-0.49,1.45,-33.56,10.63,8.31,-0.14,-0.06,-0.05,334.6,379.0,27.22,89.31,6.0,6.0
1770930496617267483,24036,11.072,98.3,9.74,-16.1,-0.53,1.39,-34.44,10.06,7.94,-0.06,0.03,0.54,349.0,379.0,26.87,90.48,6.0,6.0
1770930496715571129,24136,10.636,97.2,11.088,-9.4,-0.43,0.94,-35.38,9.94,7.69,-0.11,-0.2,0.04,346.77,377.0,26.76,93.65,6.0,8.0
1770930496817983190,24237,9.328,55.4,11.056,-19.7,-0.53,0.49,-36.0,10.38,7.75,0.27,-0.26,0.12,353.12,378.0,25.84,95.88,6.0,8.0
1770930496916265186,24337,10.448,70.4,11.088,-20.5,-0.76,1.13,-36.38,10.31,7.63,0.12,0.17,0.5,347.97,378.0,25.35,100.5,6.0,8.0
1770930497018701248,24437,10.928,40.3,9.748,-17.7,-0.96,0.29,-36.63,10.13,7.25,1.08,0.08,1.07,355.01,379.0,25.18,98.37,6.0,8.0
1770930497116997300,24537,9.124,110.5,11.008,-12.6,-0.59,1.21,-37.0,10.0,7.31,-0.09,-0.45,-0.09,352.09,379.0,25.26,96.84,6.0,8.0
1770930497225325356,24637,9.332,120.9,11.06,-30.0,-1.09,1.43,-37.19,9.94,7.75,-0.18,-0.5,-0.61,347.97,379.0,23.29,96.75,6.0,8.0
1770930497317714078,24737,9.1,91.1,10.428,-24.5,-1.41,0.96,-37.31,10.0,7.75,0.26,-0.04,-0.13,147.32,377.0,21.65,99.44,6.0,8.0
1770930497420128602,24838,10.964,108.2,10.84,-38.5,-1.27,0.82,-37.38,9.81,7.44,0.42,0.45,-0.66,354.49,377.0,20.17,100.87,6.0,8.0
1770930497518435728,24938,10.536,29.3,10.768,-32.3,-1.91,0.43,-37.44,9.75,7.5,0.19,-0.35,-0.02,354.66,378.0,18.1,102.3,6.0,8.0
1770930497616675609,25038,9.36,75.3,9.756,-39.4,-2.05,1.07,-37.31,10.0,7.56,0.78,0.3,-1.09,360.66,379.0,16.84,102.73,6.0,8.0
1770930497719137154,25138,10.616,74.5,11.0,-37.0,-2.19,0.63,-37.13,9.94,7.44,0.24,0.34,-0.19,340.26,379.0,16.3,100.5,6.0,8.0
1770930497827498343,25238,9.628,79.5,10.696,-43.7,-2.21,0.86,-37.19,9.63,7.19,-0.39,0.08,0.69,342.31,381.0,14.95,97.58,6.0,8.0
1770930497919839469,25338,10.844,71.2,11.02,-46.5,-2.03,0.68,-37.31,9.56,7.31,-0.04,-0.3,0.14,340.43,379.0,13.47,101.05,6.0,10.0
1770930498018143540,25438,11.064,83.7,10.996,-52.3,-1.91,1.31,-37.13,9.69,7.31,0.05,-0.75,-0.58,341.11,379.0,13.44,101.22,6.0,10.0
1770930498120554877,25538,11.068,67.9,10.888,-60.1,-2.7,1.11,-36.81,9.81,7.0,0.13,0.54,0.3,346.26,381.0,13.38,101.52,6.0,10.0
1770930498218863965,25638,9.424,105.0,11.032,-52.3,-1.76,0.96,-36.69,9.69,6.94,-0.84,-0.41,0.1,339.23,380.0,14.31,96.84,6.0,10.0
1770930498317146163,25738,10.524,118.0,11.02,-45.0,-1.95,1.54,-36.5,10.0,7.0,0.31,-0.36,-0.41,336.83,380.0,14.49,96.88,6.0,10.0
1770930498419568093,25837,10.86,113.8,10.936,-48.2,-1.99,1.48,-36.13,10.06,6.94,-0.66,-0.02,0.39,348.83,381.0,14.95,95.22,6.0,10.0
1770930498517883090,25937,10.732,49.9,11.068,-45.0,-2.36,0.43,-35.0,11.56,6.56,0.74,-0.07,-0.21,349.86,381.0,14.49,101.41,6.0,10.0
1770930498620247850,26037,9.072,75.4,11.036,-50.2,-1.74,0.47,-34.06,11.25,6.19,-0.66,0.5,0.25,352.43,385.0,15.53,100.56,6.0,10.0
1770930498718583570,26137,10.34,80.0,10.66,-38.8,-1.48,1.13,-34.31,11.13,6.56,-0.09,-0.2,-0.14,348.14,387.0,17.99,94.01,6.0,10.0
1770930498816883083,26237,10.5,74.5,10.608,-24.2,-1.15,0.45,-34.5,10.81,6.69,-0.47,-0.1,0.44,351.4,387.0,20.82,89.64,6.0,10.0
1770930498919291624,26337,9.072,68.5,9.764,-16.8,-0.9,1.46,-34.0,10.88,6.5,-0.48,0.07,0.14,351.4,385.0,22.67,93.92,6.0,10.0
1770930499017618047,26437,10.148,72.4,11.084,-13.3,-0.88,1.15,-33.31,11.5,6.5,0.58,-0.01,-0.28,341.46,386.0,25.01,92.54,6.0,10.0
1770930499119999326,26537,9.18,83.8,11.076,-10.2,-0.39,0.78,-31.75,11.06,6.69,-0.3,-0.3,0.22,345.74,386.0,25.98,93.16,6.0,12.0
1770930499218315007,26637,9.16,86.9,9.612,-13.0,-0.7,1.13,-29.56,11.0,6.88,0.15,0.0,-0.23,347.8,383.0,26.46,93.83,6.0,12.0
1770930499320709897,26737,9.38,63.4,11.084,-16.0,-0.29,1.17,-26.5,11.25,6.94,-0.17,0.1,0.23,352.6,379.0,26.42,88.33,6.0,12.0
1770930499419052913,26838,10.012,79.0,10.584,-7.5,-0.78,1.88,-23.75,10.88,7.5,-0.4,0.27,0.12,352.26,379.0,26.87,76.14,6.0,12.0
1770930499521447878,26938,9.42,59.5,10.164,-6.3,-0.51,0.59,-20.69,10.38,8.44,-0.19,-0.47,-0.34,353.8,372.0,27.01,73.08,6.0,12.0
1770930499619737779,27038,9.444,71.2,10.056,-33.4,-0.72,0.96,-17.31,10.75,9.63,-0.21,-0.17,-0.17,349.0,372.0,27.48,65.59,6.0,12.0
1770930499722143338,27139,9.392,72.7,9.664,-14.7,-0.45,1.15,-14.0,11.56,10.13,0.12,0.15,-0.11,350.2,370.0,27.01,58.78,6.0,12.0
1770930499820445962,27239,9.264,54.0,9.844,-23.1,-0.78,0.92,-11.44,12.13,9.75,0.21,0.16,-0.31,347.46,369.0,25.01,50.02,6.0,12.0
1770930499922845353,27339,9.232,46.7,11.108,-11.9,-0.68,0.7,-9.81,11.88,9.31,-0.1,0.14,-0.03,355.35,369.0,26.26,45.27,6.0,12.0
1770930500021140217,27440,11.096,39.1,11.076,-9.5,-0.76,0.76,-8.63,11.5,9.19,-0.06,-0.23,0.04,347.46,362.0,25.42,42.1,6.0,12.0
1770930500123555664,27540,11.108,34.3,11.1,-22.9,-0.72,0.55,-7.81,11.75,9.19,0.38,-0.1,-0.06,158.29,357.0,24.18,40.02,6.0,12.0
1770930500221872048,27640,10.88,41.6,11.076,-21.7,-1.45,0.49,-6.75,11.75,9.5,0.27,0.09,0.43,349.86,357.0,22.16,39.0,6.0,12.0
1770930500324268994,27741,11.076,29.7,11.052,-34.7,-1.31,0.9,-5.56,12.0,10.19,-0.29,0.15,-0.07,340.26,357.0,20.05,37.69,6.0,12.0
1770930500422567802,27841,10.12,29.1,10.964,-31.9,-1.82,0.59,-4.13,12.44,11.06,0.37,0.04,0.03,342.31,363.0,17.34,35.5,6.0,12.0
1770930500524972471,27940,10.068,17.6,10.652,-48.1,-1.58,0.47,-2.5,12.94,11.63,0.85,-0.26,-0.42,342.66,363.0,16.3,33.5,6.0,12.0
1770930500623274446,28041,9.384,26.3,9.976,-36.1,-2.07,0.74,0.25,11.38,10.25,-0.4,-0.12,0.1,355.52,368.0,16.04,28.87,6.0,12.0
1770930500725683226,28141,9.328,21.9,10.724,-51.3,-2.05,0.53,3.25,10.31,7.94,0.03,0.45,-0.03,369.93,368.0,15.07,23.05,6.0,12.0
1770930501462965863,28241,10.416,14.4,10.832,-59.3,-1.89,0.35,6.81,9.44,6.31,-0.3,0.34,0.47,0.0,378.0,14.09,11.55,6.0,12.0
1770930502204393784,28982,9.444,16.6,10.944,-49.9,-2.34,1.05,35.19,11.94,12.19,-0.31,0.24,0.05,0.0,370.0,23.07,4.77,8.0,12.0
1770930502949869076,29722,11.092,21.2,10.08,-13.1,-0.43,1.72,41.19,12.88,11.94,-0.16,0.09,-0.01,0.0,382.0,26.1,19.97,8.0,12.0
1770930503691240059,30465,9.204,22.1,10.36,-19.9,-1.23,-0.8,42.56,12.88,11.38,0.29,0.14,-0.04,0.0,377.0,18.04,27.92,8.0,14.0
1770930504367135905,31207,9.504,27.2,11.088,-56.4,-2.77,-1.29,42.75,12.75,11.44,0.02,-0.2,0.22,376.27,375.0,13.89,25.65,8.0,14.0
1770930504469538997,31883,10.64,27.8,10.672,-54.2,-2.36,-0.96,42.13,12.75,9.75,0.13,0.27,-0.24,375.07,383.0,14.03,28.07,8.0,14.0
1770930504567860933,31983,10.972,35.9,11.04,-43.3,-2.07,-1.48,42.25,12.75,10.13,0.18,-0.01,0.41,367.87,383.0,14.91,25.44,8.0,14.0
1770930504670218429,32083,10.908,28.4,10.684,-33.7,-1.64,-1.0,42.38,12.75,10.5,0.1,-0.1,0.21,366.67,404.0,18.44,24.06,8.0,14.0
1770930504768579072,32183,10.78,41.4,10.532,-20.9,-1.13,-1.25,42.31,12.63,10.56,-0.21,0.02,0.02,374.21,401.0,21.89,24.42,8.0,14.0
1770930504866854561,32283,9.108,34.2,11.08,-17.7,-1.21,-1.39,42.0,12.81,10.44,0.24,0.13,-0.16,368.38,401.0,23.68,25.44,8.0,14.0
1770930504969260319,32382,10.452,35.8,11.116,-10.8,-0.66,-1.17,41.75,12.69,10.56,-0.19,0.14,0.07,372.84,402.0,25.66,26.46,8.0,14.0
1770930505067575736,32482,11.092,25.0,9.76,-13.4,-0.29,-0.8,41.63,12.69,10.69,0.12,0.07,0.06,373.18,402.0,26.37,26.37,8.0,14.0
1770930505175907305,32582,9.172,15.3,11.072,-13.9,-1.02,-1.09,41.56,12.75,10.69,-0.24,-0.04,0.04,369.58,402.0,25.44,26.31,8.0,14.0
1770930505268287576,32683,9.176,14.6,11.072,-10.0,-0.76,-0.74,41.44,12.81,10.56,0.04,0.12,-0.03,368.38,402.0,26.46,27.27,8.0,14.0
1770930505370734077,32783,11.088,21.7,11.112,-14.0,-0.49,-0.94,41.38,12.75,10.63,-0.04,0.06,-0.07,374.56,403.0,26.68,26.68,8.0,14.0
1770930505469000861,32883,9.168,31.2,11.096,-11.2,-0.37,-0.86,41.44,12.88,10.63,-0.18,0.04,0.02,366.15,403.0,26.59,26.59,8.0,14.0
1770930505571399081,32984,9.2,19.8,10.432,-10.8,-0.98,-0.68,41.44,12.94,10.5,0.01,0.02,-0.16,368.38,404.0,26.46,26.46,8.0,14.0
1770930505669701571,33084,9.44,25.2,11.092,-11.9,-0.45,-0.92,41.13,12.88,10.5,-0.06,0.18,0.02,368.9,404.0,26.59,26.59,8.0,14.0
1770930505768028711,33184,9.38,24.3,11.056,-20.0,-0.59,-1.05,40.94,12.69,10.63,-0.05,0.02,-0.07,363.92,403.0,25.42,27.8,8.0,14.0
1770930505870414633,33284,9.448,19.0,9.684,-15.6,-0.37,-1.07,40.81,12.94,10.69,0.28,-0.05,-0.08,367.01,403.0,25.78,27.5,8.0,14.0
1770930505968714216,33384,9.884,12.9,11.096,-20.3,-0.59,-0.63,40.81,12.94,10.56,-0.21,0.01,-0.1,369.75,403.0,25.35,27.16,8.0,14.0
1770930506067000131,33483,10.992,21.9,11.024,-28.9,-0.88,-0.68,40.88,13.06,10.25,0.13,0.1,-0.09,370.27,402.0,22.82,24.4,8.0,14.0
1770930506169430055,33583,10.8,24.2,11.024,-35.0,-1.35,-0.9,41.25,13.19,10.13,0.09,0.07,-0.14,366.67,404.0,21.48,24.06,8.0,14.0
1770930506267720303,33683,10.084,31.3,11.04,0.0,-1.23,-1.6,42.13,13.5,10.38,0.15,0.03,0.03,363.41,404.0,18.81,22.39,8.0,14.0
1770930506370159914,33783,11.06,33.1,11.04,-37.9,-1.6,-1.05,42.81,13.75,10.81,0.13,-0.09,0.0,359.12,400.0,16.53,24.4,8.0,14.0
1770930506468433975,33884,9.116,37.5,11.056,-35.6,-2.23,-1.31,43.19,13.56,10.88,0.03,-0.01,0.2,357.58,398.0,15.84,25.84,8.0,14.0
1770930506570865511,33983,10.856,37.9,10.22,-42.2,-2.5,-0.86,43.56,13.56,10.81,0.31,-0.11,-0.07,354.66,398.0,18.11,29.88,8.0,14.0
1770930506669186354,34082,10.68,44.9,11.076,-55.9,-2.3,-1.43,44.13,13.81,10.75,-0.07,0.09,-0.14,362.55,397.0,14.3,28.6,8.0,14.0
1770930506767460564,34182,9.28,32.5,11.028,-51.2,-2.56,-1.05,44.63,13.94,10.75,-0.22,0.07,-0.02,362.55,397.0,14.33,31.35,8.0,14.0
1770930506869874210,34282,9.568,30.6,10.18,-50.0,-2.7,-0.68,44.94,13.75,10.81,0.08,-0.08,0.19,361.18,397.0,14.17,31.48,8.0,14.0
1770930506968171421,34382,9.44,33.7,11.064,-46.1,-2.38,-0.84,45.88,13.75,10.75,0.06,0.25,-0.14,362.04,396.0,13.47,30.31,8.0,14.0
1770930507070572658,34482,10.624,28.5,10.82,-52.9,-1.82,-0.86,47.38,14.06,10.94,0.09,-0.03,-0.21,358.09,396.0,14.49,31.69,8.0,14.0
1770930507168877388,34582,9.36,33.7,10.512,-53.5,-2.42,-1.09,49.81,14.25,11.25,-0.39,-0.3,-0.02,366.15,395.0,14.17,36.99,8.0,14.0
1770930507277236198,34682,10.328,37.2,10.96,-54.0,-1.86,-0.63,52.25,15.06,11.0,0.61,-0.1,0.17,375.24,394.0,14.31,41.26,8.0,14.0
1770930507369588818,34782,9.704,44.7,10.692,-46.2,-1.89,-0.63,53.81,15.0,10.63,-0.15,0.37,-0.19,367.52,394.0,14.33,48.37,8.0,14.0
1770930507467874657,34882,10.764,35.4,10.356,-41.1,-2.29,-0.84,54.81,14.75,11.25,-0.05,0.32,0.01,365.98,396.0,14.17,51.94,10.0,16.0
1770930507570310286,34982,10.84,69.2,11.036,-38.4,-2.11,-0.68,55.69,15.25,12.44,0.19,-0.1,-0.11,353.98,397.0,17.01,57.84,10.0,16.0
1770930507668604385,35082,10.76,35.3,10.832,-30.6,-0.92,-0.35,55.94,15.06,12.38,-0.07,0.15,-0.11,362.21,397.0,19.01,60.66,10.0,16.0
1770930507771012585,35182,9.144,54.5,11.068,-17.3,-0.98,-0.94,55.75,14.75,11.81,0.06,0.36,-0.28,362.04,392.0,22.03,62.96,10.0,16.0
1770930507869315019,35282,9.356,65.8,11.068,-12.0,-0.49,-0.96,56.0,15.06,12.13,-0.11,-0.02,-0.27,357.41,397.0,24.06,57.57,10.0,16.0
1770930507977654012,35382,9.36,0.0,11.072,-16.5,-0.9,-1.13,56.25,15.06,12.5,-0.5,-0.16,0.03,356.38,397.0,27.77,60.02,10.0,16.0
1770930508070028578,35482,11.084,50.8,11.056,-9.3,-0.72,-1.02,56.31,15.25,12.19,0.16,0.25,-0.11,357.41,394.0,26.21,56.4,10.0,16.0
1770930508168339066,35582,10.396,67.8,11.08,0.0,-0.57,-0.7,56.44,15.19,11.75,0.13,0.2,-0.25,356.55,394.0,25.98,59.12,10.0,16.0
1770930508270736469,35682,11.156,55.6,11.032,-12.3,-0.25,-0.98,56.63,15.19,11.69,-0.11,0.09,0.02,356.72,396.0,26.46,56.94,10.0,16.0
1770930508369034198,35782,9.496,51.5,9.852,-7.8,-0.55,-0.53,56.69,15.19,11.69,0.13,0.04,-0.02,360.49,395.0,26.68,59.19,10.0,16.0
1770930508471453287,35883,10.632,45.9,10.672,-12.0,-0.45,-0.61,56.5,15.06,11.63,0.09,0.06,-0.08,359.29,395.0,26.59,62.93,10.0,16.0
1770930508569724662,35983,9.308,39.7,11.26,0.0,-0.86,-0.41,56.19,14.88,11.88,-0.07,0.04,0.19,353.46,394.0,26.46,60.95,10.0,16.0
1770930508672122176,36083,10.632,30.5,11.072,-14.0,-1.0,-0.53,56.13,14.94,11.94,0.28,0.01,-0.12,355.69,390.0,24.77,59.44,10.0,16.0
1770930508770442628,36183,10.56,0.0,11.084,-9.9,-0.88,-0.66,55.94,15.13,12.0,0.1,0.11,0.07,356.89,390.0,25.35,58.85,10.0,16.0
1770930508872866014,36283,11.072,49.8,11.068,-9.8,-0.84,-0.76,55.31,14.94,12.0,-0.09,0.07,-0.08,357.58,394.0,25.18,54.3,10.0,16.0
1770930508971168335,36383,9.368,55.0,9.748,-26.6,-0.78,-1.21,54.25,14.5,12.06,-0.34,0.16,0.33,360.15,394.0,24.82,59.39,10.0,16.0
1770930509073585220,36484,10.26,49.8,10.984,-19.5,-1.29,-0.84,53.38,14.38,12.25,0.0,-0.05,-0.16,364.44,395.0,22.67,54.25,10.0,16.0
1770930509171885522,36584,10.268,0.0,10.196,-28.5,-1.21,-0.84,52.94,14.31,12.25,-0.09,-0.04,0.06,359.29,393.0,21.68,53.36,10.0,16.0
1770930509274291758,36684,10.736,45.1,11.036,-43.8,-1.48,-1.07,52.56,14.31,12.25,0.15,-0.03,-0.19,364.44,393.0,18.42,50.87,10.0,16.0
1770930509372595171,36785,10.552,31.3,9.952,0.0,-1.8,-0.72,52.0,14.13,12.06,-0.22,0.04,-0.02,357.41,395.0,17.0,53.44,10.0,16.0
1770930509474995574,36885,9.396,0.0,10.992,-45.0,-1.93,-1.04,51.06,13.63,12.0,-0.27,0.21,-0.01,363.75,398.0,16.51,51.18,10.0,18.0
1770930509573312840,36985,0.0,30.4,10.948,0.0,-2.56,-1.09,49.94,13.44,12.38,0.34,-0.19,-0.03,362.38,398.0,15.39,52.51,10.0,18.0
1770930509675700241,37086,10.856,33.2,10.972,-48.4,-2.7,-1.05,48.88,13.38,12.44,0.0,-0.16,0.17,364.95,398.0,14.3,49.25,10.0,18.0
1770930509774010951,37186,9.676,20.9,11.064,-45.7,-2.4,-0.63,46.56,13.13,11.88,0.17,-0.09,-0.3,369.75,401.0,14.17,45.85,10.0,18.0
1770930509876419428,37286,9.348,23.9,9.828,0.0,-2.58,-0.35,42.69,12.63,11.56,0.06,-0.04,0.14,376.61,401.0,14.18,43.43,10.0,18.0
1770930509974727027,37387,11.096,17.4,10.804,-51.6,-2.03,-1.23,37.88,11.94,11.63,-0.28,-0.18,-0.12,378.67,409.0,14.3,35.75,10.0,18.0
1770930510077135540,37487,9.928,26.2,9.752,-44.0,-2.19,-1.07,31.87,11.75,11.69,-0.5,0.14,0.15,373.7,408.0,15.16,23.58,10.0,18.0
1770930510175442027,37587,9.348,13.1,10.204,-55.2,-2.5,-1.23,24.69,11.81,11.38,-0.15,0.11,-0.11,372.16,408.0,14.33,9.85,10.0,18.0
1770930510273741403,37686,9.36,3.6,11.052,-57.3,-2.03,-0.12,16.75,11.75,10.75,0.86,0.14,-0.65,374.9,409.0,13.63,2.41,10.0,18.0
1770930510376140545,37786,9.44,2.7,11.044,-56.1,-2.62,-0.02,10.38,11.19,10.19,0.42,0.2,-0.15,377.81,409.0,13.44,0.0,10.0,18.0
1770930510474447384,37886,11.088,5.6,10.424,-40.7,-1.78,0.12,5.69,10.38,10.63,0.25,0.24,-0.36,374.73,408.0,15.09,4.77,10.0,18.0
1770930510576845970,37986,9.536,10.7,10.708,-42.8,-1.89,0.39,2.63,9.13,11.94,-0.91,-0.13,0.53,365.64,395.0,17.01,13.61,10.0,18.0
1770930510675160124,38086,9.392,15.1,9.72,-18.5,-1.25,0.27,0.44,9.94,13.31,-0.91,-0.19,0.21,354.83,395.0,21.27,19.5,10.0,18.0
1770930510777572082,38187,10.56,16.6,11.108,-26.8,-0.84,0.39,-1.69,12.06,14.19,-0.08,-0.53,0.0,355.35,383.0,23.04,24.63,10.0,18.0
1770930510875878458,38287,9.312,22.1,10.692,-16.5,-0.43,0.64,-3.5,13.56,14.56,0.8,-0.66,-0.61,347.63,380.0,25.26,27.79,10.0,18.0
1770930510978276007,38387,11.1,17.4,9.724,-8.8,-0.72,0.41,-4.38,12.25,13.63,-0.79,-0.01,0.2,351.92,380.0,25.7,31.02,10.0,18.0
1770930511076585920,38488,9.496,20.2,10.428,-13.4,-0.82,0.55,-5.0,10.56,11.69,-1.03,0.51,-0.38,360.66,383.0,25.42,34.16,10.0,18.0
1770930511178990951,38588,9.444,14.5,11.088,-14.3,-0.31,0.61,-4.88,11.31,10.5,0.07,0.18,-0.8,359.29,389.0,25.84,35.85,10.0,18.0
1770930511277300604,38688,9.488,23.0,10.692,-6.5,-0.47,0.31,-4.56,12.19,10.13,0.48,-0.42,-0.53,355.86,389.0,25.98,35.83,10.0,18.0
1770930511379703079,38789,11.1,41.6,11.084,-15.0,-0.51,1.11,-4.5,11.38,9.69,-0.05,-0.12,0.63,354.15,383.0,26.21,29.39,10.0,18.0
1770930511477991638,38889,10.776,30.7,11.056,-89.9,-1.76,0.78,-4.56,10.81,8.69,-0.21,-0.15,0.23,363.24,383.0,27.77,28.67,10.0,18.0
1770930511576298847,38988,10.76,20.5,11.048,-13.1,-0.76,0.98,-4.56,11.06,7.5,0.33,0.28,0.11,373.18,374.0,26.76,31.48,10.0,18.0
1770930511678710582,39088,9.528,42.1,11.1,-12.9,-1.09,1.02,-4.19,10.88,7.19,-0.17,0.06,-0.06,372.16,363.0,24.06,31.79,10.0,18.0
1770930511776999586,39188,11.104,34.4,10.524,-22.2,-0.68,1.09,-4.13,10.63,7.69,-0.21,-0.08,-0.11,374.04,363.0,24.82,31.02,10.0,18.0
1770930511879424062,39288,10.808,29.5,10.908,-21.9,-0.61,1.04,-4.13,11.06,8.38,0.08,-0.19,-0.13,366.84,366.0,24.4,28.33,10.0,18.0
1770930511977732160,39388,11.032,36.6,10.884,-26.6,-0.88,1.41,-4.0,11.19,8.69,-0.37,-0.27,0.13,365.12,374.0,23.2,28.35,10.0,18.0
1770930512086077632,39488,9.56,40.8,10.676,-22.6,-1.11,1.31,-3.88,10.94,8.56,-0.23,-0.07,0.15,363.24,374.0,22.39,28.67,10.0,18.0
1770930512178439916,39587,9.936,31.3,10.776,-27.6,-1.41,0.96,-3.56,11.38,8.19,0.23,-0.19,-0.08,364.44,373.0,20.46,27.54,10.0,18.0
1770930512276780126,39687,9.368,23.3,11.068,-38.4,-1.39,0.94,-3.31,11.81,8.06,-0.12,0.05,-0.05,158.29,368.0,18.23,27.78,10.0,18.0
1770930512379176156,39788,10.936,32.8,11.036,-50.6,-1.58,0.9,-3.5,11.75,8.31,0.0,-0.08,-0.09,358.44,368.0,17.36,28.65,10.0,18.0
1770930512477462862,39888,10.164,26.2,11.08,-39.4,-2.23,1.0,-3.69,11.5,8.75,-0.03,-0.19,-0.06,353.46,369.0,16.68,28.6,10.0,18.0
1770930512579865540,39988,10.516,20.9,11.028,-56.7,-1.8,0.78,-3.75,11.31,8.88,-0.16,-0.07,0.13,355.69,370.0,14.46,29.77,10.0,18.0
1770930512678149339,40088,10.784,28.1,11.032,-58.9,-1.97,0.88,-4.0,11.31,8.88,-0.33,0.07,0.09,355.69,370.0,14.18,30.14,10.0,18.0
1770930512786502793,40188,9.62,23.5,11.036,-57.1,-1.95,0.47,-4.0,11.44,8.94,0.06,-0.12,-0.03,356.55,367.0,13.5,31.78,10.0,18.0
1770930512878886820,40288,9.44,19.5,9.776,-38.2,-1.95,0.37,-3.81,11.25,8.94,-0.25,-0.19,0.18,356.72,367.0,14.49,32.6,10.0,18.0
1770930512981299202,40388,9.384,26.2,11.016,-56.3,-1.88,0.49,-4.0,11.69,8.94,0.14,0.01,-0.08,357.23,366.0,15.74,32.27,10.0,18.0
1770930513079585334,40488,10.34,21.2,10.088,-53.5,-1.78,0.33,-4.0,11.81,9.06,0.16,-0.11,-0.24,360.15,369.0,14.17,30.85,10.0,18.0
1770930513177891967,40588,10.228,41.7,10.548,-41.4,-1.86,1.23,-3.94,11.81,9.13,-0.1,-0.41,0.15,355.01,369.0,14.64,28.37,10.0,18.0
1770930513280298034,40688,9.7,35.2,11.016,-41.7,-1.86,1.19,-3.75,11.88,9.0,0.05,0.07,0.12,359.64,371.0,14.95,25.97,10.0,18.0
1770930513378633039,40788,10.396,41.9,10.208,-34.6,-1.89,1.09,-3.13,12.0,9.06,-0.14,0.34,-0.29,361.52,378.0,17.68,25.26,12.0,18.0
1770930513476886817,40888,10.356,40.9,10.344,-26.1,-1.39,1.33,-3.13,12.0,9.69,-0.15,0.13,-0.16,356.89,378.0,19.71,22.39,12.0,18.0
1770930513579364629,40987,10.792,34.9,10.288,-24.3,-1.0,0.88,-3.44,11.94,10.19,0.08,-0.36,-0.46,358.44,388.0,22.24,23.83,12.0,18.0
1770930513677588313,41088,9.664,30.4,11.104,-18.8,-0.53,1.0,-3.75,11.94,9.94,-0.06,0.03,0.0,357.58,387.0,24.42,27.79,12.0,20.0
1770930513780026881,41188,11.068,39.2,9.78,-15.0,-0.57,1.04,-3.94,11.94,9.19,-0.14,-0.09,0.01,361.35,387.0,25.98,29.56,12.0,20.0
1770930513878293771,41288,11.076,32.7,10.12,-8.2,-0.53,1.09,-3.81,11.81,8.44,0.01,0.24,0.03,361.18,383.0,26.76,28.33,12.0,20.0
1770930513980759082,41389,11.092,38.7,11.088,-15.1,-0.41,1.43,-3.38,12.19,8.38,0.09,0.03,-0.01,359.98,383.0,25.98,27.77,12.0,20.0
1770930514089069903,41489,9.388,48.4,10.18,-9.0,-0.72,1.39,-3.31,12.31,9.06,0.09,-0.05,-0.05,354.15,380.0,25.97,25.97,12.0,20.0
1770930514181448446,41589,9.376,36.4,11.096,-13.5,-0.45,1.39,-3.5,12.13,10.13,0.11,-0.14,-0.24,345.23,379.0,26.1,26.1,12.0,20.0
1770930514283851586,41690,9.416,42.8,9.62,-13.0,-0.41,1.21,-3.63,11.06,11.25,-0.18,0.02,0.0,343.51,379.0,26.87,25.98,12.0,20.0
1770930514382152144,41790,10.124,40.8,9.796,-9.9,-0.63,1.25,-3.75,10.44,12.38,-0.04,0.05,0.13,336.14,376.0,25.97,26.76,12.0,20.0
1770930514480472537,41889,9.168,35.7,9.804,-13.0,-0.64,1.02,-3.44,10.63,12.88,0.08,-0.17,-0.21,337.17,371.0,26.1,27.79,12.0,20.0
1770930514578692330,41989,9.176,25.4,11.084,-16.7,-0.61,0.84,-3.31,10.75,12.06,-0.09,-0.23,-0.49,343.0,371.0,25.98,29.56,12.0,20.0
1770930514681153826,42089,9.4,25.1,11.028,-11.5,-0.74,0.27,-3.44,10.56,10.44,-0.03,0.3,0.06,350.37,373.0,26.21,28.6,12.0,20.0
1770930514779465088,42189,9.428,27.1,10.532,-15.5,-0.86,0.84,-3.63,10.81,8.88,0.11,0.24,0.0,348.49,372.0,25.26,28.63,12.0,20.0
1770930514881880118,42289,10.292,23.0,10.612,-21.0,-1.35,0.29,-3.63,10.88,8.25,-0.1,-0.05,-0.13,354.49,372.0,22.39,30.46,12.0,20.0
1770930514980170508,42389,9.172,21.1,10.736,-23.2,-1.39,0.25,-3.63,10.88,8.31,0.12,0.09,0.3,350.55,361.0,20.85,31.28,12.0,20.0
1770930515082586093,42489,9.236,29.0,11.036,-30.4,-1.8,0.47,-3.63,11.19,8.5,0.33,-0.14,-0.03,349.86,361.0,19.37,31.16,12.0,20.0
1770930515180900874,42589,10.828,18.7,11.076,-36.3,-1.89,0.64,-3.56,11.13,8.56,0.01,-0.05,0.01,349.69,361.0,17.2,30.78,12.0,20.0
1770930515283329440,42689,11.052,25.8,9.988,-36.8,-2.21,0.47,-3.56,11.0,8.69,-0.18,0.16,0.08,352.6,362.0,15.74,31.48,12.0,20.0
1770930515381607941,42789,9.308,29.8,11.064,-45.6,-2.48,0.88,-3.38,11.19,9.31,-0.12,-0.1,-0.19,349.0,362.0,15.23,27.77,12.0,20.0
1770930515479874348,42889,9.604,51.2,11.06,-54.0,-2.91,1.46,-3.0,11.19,10.19,0.12,0.07,0.04,344.03,364.0,13.76,23.48,12.0,20.0
1770930515582320434,42989,10.608,40.6,10.668,-57.1,-2.95,1.35,-2.94,10.81,10.75,-0.2,-0.35,0.1,344.2,367.0,13.34,21.68,12.0,20.0
1770930515690665349,43089,10.612,40.3,10.628,-45.9,-2.11,1.09,-3.13,10.88,10.81,0.16,0.07,0.01,346.6,367.0,12.54,21.5,12.0,20.0
1770930515783025964,43190,10.648,18.2,10.9,-44.2,-1.84,0.68,-3.13,11.13,10.5,0.28,0.05,-0.33,347.29,369.0,13.5,26.21,12.0,20.0
1770930515881314484,43290,10.46,26.9,10.74,-50.4,-2.5,0.53,-3.13,11.06,10.38,-0.03,-0.09,0.05,351.06,373.0,14.17,28.35,12.0,20.0
1770930515983741199,43390,10.364,34.1,11.024,-42.2,-2.32,1.07,-3.19,11.0,10.38,-0.21,-0.16,-0.02,350.2,373.0,14.33,26.87,12.0,20.0
1770930516082039811,43490,10.124,28.5,11.048,-53.5,-2.21,0.8,-3.31,11.31,10.38,0.13,-0.09,0.02,354.66,376.0,14.44,25.66,12.0,20.0
1770930516184453450,43590,9.944,34.8,11.024,-40.0,-2.15,0.98,-3.25,11.63,10.38,0.08,-0.07,-0.14,357.92,376.0,14.18,25.7,12.0,20.0
1770930516282754507,43689,10.628,41.6,11.008,-51.1,-1.72,1.5,-3.13,11.31,10.38,-0.31,0.13,-0.03,353.63,382.0,15.89,24.63,12.0,20.0
1770930516381064491,43789,10.36,40.1,11.036,-36.6,-1.95,1.33,-3.19,11.25,10.31,0.02,0.06,-0.05,354.32,384.0,17.86,24.67,12.0,20.0
1770930516483472944,43889,9.184,46.1,10.324,-24.3,-1.0,1.17,-3.31,11.44,10.38,0.11,-0.04,-0.12,354.32,384.0,20.17,24.56,12.0,20.0
1770930516581745333,43990,11.076,39.7,11.108,-16.4,-0.59,0.98,-3.19,11.25,10.31,-0.19,-0.05,0.1,357.23,384.0,22.24,26.21,12.0,20.0
1770930516684183825,44090,9.384,31.8,11.084,-9.9,-0.66,0.82,-3.19,11.25,10.31,0.01,0.08,-0.08,351.06,385.0,25.01,27.51,12.0,20.0
1770930516782474845,44190,10.064,25.0,11.072,-13.2,-0.64,0.59,-3.19,11.25,10.44,0.12,-0.12,-0.03,353.46,385.0,25.98,28.67,12.0,20.0
1770930516884879243,44291,11.096,27.9,9.776,-13.1,-0.63,0.82,-3.19,11.19,10.5,-0.06,-0.03,0.01,354.83,384.0,26.21,28.6,12.0,20.0
1770930516983158372,44391,9.432,16.9,9.532,-7.1,-0.78,0.64,-3.31,11.19,10.38,0.07,-0.02,-0.19,351.92,384.0,25.84,28.35,12.0,20.0
1770930517085593475,44491,9.152,19.9,10.6,-9.9,-0.45,0.61,-3.31,11.06,10.25,0.0,0.05,0.0,350.72,384.0,25.98,29.56,12.0,20.0
1770930517183856140,44592,9.344,17.7,11.088,-12.3,-0.39,0.92,-3.19,11.0,10.19,-0.05,-0.17,0.04,352.6,381.0,27.01,29.39,12.0,20.0
1770930517286309226,44692,10.868,30.5,10.204,-9.0,-0.9,0.8,-3.13,11.13,10.25,0.03,0.0,0.03,355.01,381.0,26.68,30.01,12.0,20.0
1770930517384628709,44792,9.168,25.0,11.096,-16.9,-0.63,0.92,-3.13,11.06,10.31,-0.11,0.02,0.01,351.57,381.0,25.7,28.36,12.0,20.0
1770930517487019624,44892,9.388,19.9,9.536,-13.7,-0.43,0.64,-3.13,11.25,10.5,0.02,-0.05,-0.04,352.43,383.0,25.91,29.15,12.0,20.0
1770930517585330922,44992,11.072,44.1,11.084,-17.7,-0.63,1.48,-3.13,11.25,10.5,0.25,-0.01,-0.12,351.92,381.0,25.59,23.94,12.0,20.0
1770930517687685297,45092,11.084,34.7,9.556,-17.1,-1.0,1.52,-3.13,11.31,10.44,0.01,-0.06,-0.04,350.2,381.0,24.45,23.54,12.0,20.0
1770930517786044005,45193,10.264,36.5,10.784,-22.7,-1.39,1.6,-3.06,11.31,10.38,0.01,-0.01,0.03,347.46,382.0,23.04,23.83,12.0,20.0
1770930517888438495,45293,11.088,47.8,10.844,-34.6,-1.15,1.15,-3.13,11.31,10.25,-0.07,0.01,-0.18,350.37,382.0,20.17,21.93,12.0,20.0
1770930517986737921,45393,9.32,27.4,11.08,-28.8,-1.64,0.63,-3.19,11.38,10.25,0.03,0.01,0.07,350.37,379.0,18.44,25.66,12.0,20.0
1770930518089144022,45493,11.032,21.1,11.08,-37.1,-1.76,0.59,-3.19,11.31,10.25,-0.06,0.09,0.04,165.15,379.0,17.54,28.95,12.0,22.0
1770930518187444596,45593,9.24,32.5,10.936,-47.1,-1.72,1.17,-3.38,11.06,10.44,-0.1,0.16,-0.07,351.06,379.0,16.67,27.19,12.0,22.0
1770930518285771172,45692,9.068,27.5,10.148,-32.1,-1.93,0.84,-3.38,11.19,10.69,-0.04,0.06,-0.08,346.94,378.0,16.04,26.46,12.0,22.0
1770930518388165605,45792,9.176,31.4,11.04,-42.7,-1.78,1.04,-3.25,11.56,10.88,0.22,-0.15,-0.16,347.8,379.0,14.46,26.37,12.0,22.0
1770930518486465198,45892,10.492,38.8,11.076,-40.0,-2.42,1.05,-3.38,11.5,10.88,-0.09,-0.07,-0.03,350.37,379.0,14.18,24.82,12.0,22.0
1770930518584764012,45992,9.424,42.4,11.02,-48.9,-2.17,0.88,-3.5,11.44,10.75,0.05,0.1,-0.05,349.69,378.0,14.3,24.63,12.0,22.0
1770930518687163298,46092,10.92,30.3,10.892,-46.4,-2.64,0.78,-3.5,11.5,10.69,-0.18,0.12,0.15,350.55,378.0,13.44,25.08,12.0,22.0
1770930518785432648,46192,9.232,33.1,11.024,-40.4,-1.93,0.76,-3.5,11.56,10.69,0.0,-0.04,-0.09,351.23,376.0,14.3,26.21,12.0,22.0
1770930518887894641,46292,9.288,27.1,11.048,-46.8,-2.4,1.13,-3.56,11.56,10.69,-0.07,-0.07,0.1,347.97,376.0,14.17,26.68,12.0,22.0
1770930518986194067,46392,9.244,20.6,11.044,-55.3,-2.23,0.8,-3.63,11.5,10.69,-0.12,0.05,0.19,349.35,376.0,12.68,28.07,12.0,22.0
1770930519088591962,46492,9.728,23.9,10.524,-47.6,-2.93,0.45,-3.5,11.63,10.63,0.13,0.08,0.13,349.35,375.0,12.59,29.12,12.0,22.0
1770930519186909667,46593,9.632,23.3,11.064,-44.4,-2.03,0.64,-3.5,11.56,10.69,0.13,0.0,-0.13,347.97,372.0,13.34,29.18,14.0,22.0
1770930519289308081,46693,10.368,18.9,10.072,-40.2,-2.15,0.86,-3.75,11.38,10.81,-0.07,0.08,-0.25,350.89,372.0,14.49,29.88,14.0,22.0
1770930519387629471,46792,9.504,27.1,10.8,-40.4,-1.41,0.86,-3.81,11.06,10.81,-0.08,-0.02,-0.19,347.97,373.0,16.53,29.9,14.0,22.0
1770930519485908932,46893,9.372,22.4,11.088,-30.4,-0.92,0.59,-3.81,11.0,10.69,-0.08,0.01,0.03,349.52,372.0,21.05,30.31,14.0,22.0
1770930519588314402,46993,9.544,27.2,10.448,-20.8,-0.7,0.49,-3.75,11.13,10.44,-0.13,-0.01,0.04,349.52,372.0,23.29,31.35,14.0,22.0
1770930519686621476,47093,9.728,17.9,9.848,-11.3,-0.35,0.76,-3.69,11.13,10.31,0.1,0.05,0.04,347.46,368.0,25.18,30.69,14.0,22.0
1770930519789033484,47193,9.824,36.5,9.856,-15.8,-0.25,0.96,-3.75,11.13,10.31,0.42,-0.04,-0.11,347.29,367.0,26.37,26.37,14.0,22.0
1770930519887342169,47293,10.316,37.3,9.716,-15.6,-0.68,1.02,-3.75,11.06,10.31,-0.24,0.09,0.08,346.77,367.0,25.7,24.82,14.0,22.0
1770930519989751102,47393,9.496,41.7,10.456,-8.4,-0.57,1.09,-3.75,11.19,10.25,-0.01,0.06,-0.09,351.23,368.0,26.46,24.06,14.0,22.0
1770930520088044916,47494,9.94,40.2,10.468,-13.3,-0.49,0.98,-3.75,11.19,10.19,-0.03,0.03,0.0,346.94,368.0,26.26,23.54,14.0,22.0
1770930520190456089,47594,11.02,26.6,9.632,-7.5,-0.51,0.92,-3.81,11.19,10.0,0.0,0.0,0.01,346.6,367.0,26.27,27.04,14.0,22.0
1770930520288755107,47694,9.424,24.7,11.116,-15.2,-0.94,0.55,-3.69,11.31,9.88,0.08,-0.04,0.04,347.12,364.0,25.78,30.07,14.0,22.0
1770930520391160521,47794,9.296,36.4,11.052,-19.5,-0.7,1.29,-3.63,11.19,9.88,-0.07,-0.04,0.13,346.43,364.0,24.45,28.97,14.0,22.0
1770930520489478614,47894,9.244,34.0,10.324,-14.8,-0.88,1.43,-3.69,11.31,10.06,0.11,0.11,0.0,345.23,364.0,24.4,25.97,14.0,22.0
1770930520587740518,47994,9.264,46.4,9.792,-10.9,-0.68,1.25,-3.75,11.38,10.19,0.07,-0.13,0.04,344.37,365.0,25.01,25.01,14.0,22.0
1770930520690174748,48094,10.548,34.8,10.504,-12.2,-0.72,1.0,-3.75,11.44,10.06,0.0,0.14,0.0,345.06,365.0,25.63,24.71,14.0,22.0
1770930520788489952,48193,9.22,35.8,11.06,-21.2,-1.41,1.0,-3.75,11.38,10.0,-0.06,-0.07,-0.26,345.57,365.0,24.63,25.42,14.0,22.0
1770930520886777209,48293,10.332,45.1,9.732,-17.7,-0.98,1.64,-3.88,11.31,10.0,-0.04,-0.06,0.05,343.34,361.0,22.74,25.26,14.0,22.0
1770930520989231404,48393,11.02,43.4,11.076,-31.4,-1.05,1.52,-3.94,11.5,9.88,-0.1,-0.06,0.15,346.6,361.0,20.82,26.26,14.0,22.0
1770930521091607779,48493,11.092,36.5,11.024,-41.0,-1.43,1.37,-3.88,11.81,9.69,0.11,0.01,0.09,170.81,360.0,18.27,27.01,14.0,22.0
1770930521189908592,48593,11.044,26.3,10.84,-44.3,-1.52,0.63,-3.94,11.5,9.69,-0.16,-0.13,0.13,349.17,360.0,16.67,28.07,14.0,22.0
1770930521288223166,48693,9.468,40.8,11.012,-38.0,-1.84,0.94,-4.31,11.25,9.81,0.0,-0.03,0.25,351.92,355.0,16.19,29.15,14.0,22.0
1770930521390625727,48793,10.868,31.4,10.94,-57.8,-2.11,0.78,-4.25,11.25,10.06,0.03,-0.12,0.0,347.97,356.0,15.01,30.01,14.0,22.0
1770930521488914558,48893,10.636,30.4,10.892,-50.2,-2.05,0.53,-4.06,11.31,10.31,0.03,0.19,0.18,351.23,356.0,13.44,31.35,14.0,22.0
1770930521587197296,48992,9.652,26.8,11.06,-57.4,-1.95,0.29,-4.19,11.38,10.38,-0.26,0.11,0.1,358.44,361.0,13.63,31.28,14.0,22.0
1770930521689627359,49092,11.04,24.1,11.004,-55.9,-1.95,0.61,-4.31,11.5,10.19,-0.07,0.2,-0.02,359.46,359.0,14.31,30.31,14.0,22.0
1770930521787952989,49192,9.116,25.8,11.072,-41.5,-2.25,0.25,-4.44,11.56,9.94,0.19,0.27,0.01,363.58,359.0,15.23,32.25,14.0,22.0
1770930521890327308,49292,10.852,33.1,10.66,-57.8,-1.97,0.66,-4.25,11.31,9.94,0.13,-0.01,-0.17,366.15,357.0,14.44,32.88,14.0,22.0
1770930521988655197,49392,10.264,44.0,11.032,-47.0,-2.01,1.46,-4.19,11.31,10.19,0.06,0.03,-0.03,367.18,357.0,14.17,29.18,14.0,22.0
1770930522097022775,49492,9.448,53.3,11.056,-43.1,-2.11,1.84,-4.25,11.38,10.38,-0.02,-0.12,0.08,363.58,357.0,14.18,24.82,14.0,22.0
1770930522189365182,49592,9.392,61.1,10.3,-37.0,-1.91,1.99,-4.0,11.5,10.25,-0.09,0.04,0.03,368.55,357.0,16.19,24.29,14.0,22.0
1770930522287673958,49691,9.216,34.6,11.032,-41.6,-1.29,1.17,-3.94,11.5,10.13,-0.24,-0.03,0.11,365.81,357.0,16.84,25.7,14.0,22.0
1770930522390081149,49792,11.104,21.4,11.1,-20.9,-1.25,0.53,-3.94,11.5,10.19,0.06,0.01,0.0,363.75,349.0,20.85,30.47,14.0,24.0
1770930522488372628,49891,10.404,25.5,10.896,-25.9,-0.59,0.66,-3.88,11.5,10.25,-0.07,0.05,-0.04,362.89,343.0,22.74,29.47,14.0,24.0
1770930522586695757,49991,9.352,40.7,11.096,-10.1,-0.8,1.39,-3.88,11.44,10.31,0.07,-0.05,0.05,361.69,343.0,24.19,27.77,14.0,24.0
1770930522689056759,50091,10.272,36.0,10.292,-10.9,-0.63,1.54,-4.06,11.19,10.25,0.07,0.03,-0.1,358.61,341.0,25.42,27.01,14.0,24.0
1770930522787378259,50191,10.912,48.6,9.792,-15.8,-0.49,1.37,-4.25,10.94,10.25,0.02,-0.03,-0.02,364.44,334.0,26.37,25.52,14.0,24.0
1770930522889793153,50291,10.0,34.3,11.072,-15.3,-0.64,0.86,-4.31,10.94,10.31,0.0,-0.03,-0.13,361.69,334.0,25.44,25.44,14.0,24.0
1770930522988096189,50392,10.592,34.1,11.08,-7.2,-0.59,0.8,-4.19,11.19,10.5,0.12,-0.04,-0.03,359.98,336.0,26.46,27.27,14.0,24.0
1770930523090508009,50492,10.768,37.4,11.08,-13.5,-0.41,0.9,-3.94,11.13,10.56,-0.06,-0.18,0.12,361.35,341.0,26.68,26.68,14.0,24.0
1770930523188798709,50592,9.368,34.1,11.056,-6.6,-0.76,0.72,-3.81,11.13,10.38,-0.09,0.24,0.08,367.01,341.0,25.98,27.77,14.0,24.0
1770930523291213011,50693,9.552,24.6,11.016,-15.8,-0.35,0.92,-4.0,11.31,10.38,0.21,-0.08,-0.14,362.72,340.0,26.21,29.39,14.0,24.0
1770930523389548048,50793,9.464,28.5,11.092,-15.6,-0.37,0.63,-4.0,11.19,10.5,0.06,-0.01,-0.05,359.46,340.0,25.08,28.67,14.0,24.0
1770930523491935662,50893,11.108,17.2,9.728,-15.2,-0.55,1.0,-3.88,11.19,10.5,-0.02,0.08,0.02,362.21,339.0,25.73,29.63,14.0,24.0
1770930523590237567,50993,9.544,18.4,11.064,-12.6,-0.63,0.53,-3.75,11.25,10.44,-0.13,-0.03,0.0,359.98,342.0,25.52,31.47,14.0,24.0
1770930523692609681,51093,11.096,19.9,9.748,-23.6,-0.88,0.37,-3.75,11.31,10.31,0.01,0.09,0.07,360.49,342.0,24.45,31.69,14.0,24.0
1770930523790944384,51193,9.964,19.4,10.756,-28.9,-0.92,0.57,-3.56,11.44,10.31,-0.03,0.03,0.05,355.18,339.0,22.82,30.69,14.0,24.0
1770930523889214713,51293,10.064,24.4,11.072,-28.3,-1.37,0.61,-3.44,11.5,10.38,-0.08,0.0,-0.02,360.84,338.0,20.41,31.47,14.0,24.0
1770930523991648590,51393,10.892,30.9,10.468,-43.1,-1.37,1.35,-3.44,11.56,10.25,0.23,0.14,-0.12,166.7,338.0,19.01,29.88,14.0,24.0
1770930524089955754,51493,9.24,48.6,10.148,-31.9,-1.76,1.46,-3.31,11.63,10.06,0.21,-0.08,-0.35,354.15,333.0,17.15,24.95,14.0,24.0
1770930524192362221,51593,11.076,34.7,10.316,-42.7,-2.21,1.15,-3.25,11.69,10.0,0.1,0.02,0.07,352.78,325.0,17.01,24.67,14.0,24.0
1770930524290672645,51693,9.364,53.7,10.484,-42.9,-2.46,1.84,-3.19,11.63,10.06,0.17,-0.1,0.05,358.44,325.0,15.07,21.27,14.0,24.0
1770930524388978883,51792,9.204,39.0,11.024,-52.9,-2.64,1.09,-3.19,11.44,10.06,0.02,-0.03,0.09,359.64,319.0,13.63,22.45,14.0,24.0
1770930524491403351,51892,9.38,32.1,10.892,-51.5,-2.71,0.66,-3.19,11.44,10.13,-0.13,0.02,-0.04,358.09,321.0,14.46,28.07,14.0,24.0
1770930524589680865,51992,9.988,25.9,11.044,-54.0,-2.05,0.43,-3.06,11.44,10.31,-0.13,0.0,-0.05,363.07,321.0,13.16,28.07,14.0,24.0
1770930524687979214,52091,9.036,29.1,11.052,-40.5,-2.07,0.92,-3.06,11.38,10.31,0.13,-0.02,-0.14,356.38,320.0,15.24,27.27,14.0,24.0
1770930524790500226,52191,9.108,45.5,11.064,-49.8,-1.66,1.31,-3.13,11.38,10.19,0.06,-0.07,0.07,356.89,320.0,15.39,25.35,14.0,24.0
1770930524888704327,52291,9.884,43.1,11.056,-39.8,-2.46,1.27,-3.13,11.31,9.81,0.02,0.08,-0.03,363.75,317.0,14.95,24.4,14.0,24.0
1770930524991105757,52391,10.628,47.3,10.572,-47.2,-1.86,1.56,-3.19,11.31,9.75,-0.19,-0.09,-0.03,363.24,305.0,14.31,23.58,14.0,24.0
1770930525089410680,52491,9.524,36.4,10.884,-52.3,-2.03,1.46,-3.38,11.25,9.94,-0.03,0.0,0.15,357.92,305.0,14.33,23.29,16.0,24.0
1770930525191816943,52591,9.924,42.1,10.82,-35.2,-1.58,1.37,-3.56,11.25,10.13,0.02,-0.07,0.11,357.06,305.0,15.74,24.4,16.0,24.0
1770930525290133996,52691,10.312,38.1,11.084,-31.3,-1.7,1.41,-3.94,11.38,10.13,0.01,0.0,-0.14,357.06,304.0,19.37,26.1,16.0,24.0
1770930525388452067,52791,9.22,28.2,10.364,-21.8,-1.23,0.82,-4.31,11.5,10.13,0.06,-0.08,0.05,358.61,304.0,20.6,26.87,16.0,24.0
1770930525490827291,52890,9.184,29.4,9.824,-13.5,-0.84,0.61,-4.69,11.5,10.0,-0.31,0.12,0.04,366.15,301.0,23.83,29.39,16.0,24.0
1770930525589160345,52990,10.588,22.2,11.076,-9.7,-0.66,1.04,-5.5,11.69,9.94,0.09,-0.03,-0.22,356.21,301.0,25.63,31.12,16.0,24.0
1770930525687412079,53090,11.108,23.9,9.676,-11.7,-0.41,0.63,-6.25,11.5,9.88,0.13,-0.02,-0.08,360.32,291.0,26.21,33.36,16.0,24.0
1770930525789846511,53190,9.316,33.7,9.86,-15.6,-0.37,0.53,-6.56,11.31,9.69,0.02,0.13,-0.12,365.98,288.0,25.52,35.72,16.0,24.0
1770930525888131821,53291,9.928,26.4,10.82,-11.9,-0.74,0.78,-6.63,11.63,9.75,0.5,-0.03,-0.27,364.95,288.0,25.7,37.23,16.0,24.0
1770930525990562567,53391,9.804,23.1,11.1,-10.8,-0.35,0.63,-6.56,11.88,10.0,0.06,-0.05,-0.04,363.58,284.0,26.46,37.69,16.0,24.0
1770930526092964644,53491,11.108,22.0,11.104,-8.9,-0.45,0.86,-6.44,11.81,10.25,-0.02,-0.18,-0.08,361.01,283.0,26.68,36.68,16.0,24.0
1770930526191354461,53592,9.416,34.7,11.08,-17.1,-0.49,1.41,-6.56,11.75,10.31,0.06,-0.37,-0.63,361.69,283.0,25.98,32.25,16.0,24.0
1770930526299632845,53692,9.732,45.0,9.864,-16.8,-0.86,1.09,-6.75,11.94,10.13,0.14,-0.1,-0.07,365.81,280.0,24.95,30.41,16.0,24.0
1770930526391998178,53792,9.336,57.1,11.016,-20.7,-0.68,1.37,-6.63,11.81,9.94,-0.19,0.09,0.0,367.35,270.0,23.82,30.62,16.0,24.0
1770930526494392495,53893,11.116,22.5,10.912,-21.2,-0.78,0.88,-6.56,11.75,9.81,0.03,0.12,0.29,365.29,270.0,23.68,35.96,16.0,24.0
1770930526592649081,53993,10.22,34.1,10.748,-27.5,-0.98,0.96,-6.56,11.69,9.81,0.11,-0.04,-0.02,364.61,261.0,22.45,34.48,16.0,26.0
1770930526701046788,54093,11.08,28.8,10.384,-25.7,-1.35,1.15,-6.38,11.63,9.75,-0.03,-0.02,0.12,167.21,255.0,21.26,34.02,16.0,26.0
1770930526793445475,54193,9.48,49.2,11.02,-29.1,-0.96,1.41,-6.38,11.56,9.81,0.03,-0.06,-0.13,364.61,255.0,21.27,31.91,16.0,26.0
1770930526891668299,54293,10.472,40.7,11.064,-22.5,-1.5,1.35,-6.38,11.38,9.94,-0.08,-0.15,0.0,356.21,254.0,19.86,30.19,16.0,26.0
1770930526994112971,54393,10.52,40.3,10.7,-36.3,-1.72,0.98,-6.38,11.31,10.0,-0.08,0.05,0.0,167.9,254.0,19.01,30.78,16.0,26.0
1770930527092423152,54493,9.436,40.0,10.064,-43.1,-1.45,0.78,-6.44,11.38,10.0,0.0,-0.14,-0.07,363.24,258.0,17.31,31.48,16.0,26.0
1770930527194816802,54593,9.848,35.8,11.072,-39.2,-2.05,0.96,-6.5,11.38,10.0,0.01,0.06,-0.11,360.49,255.0,16.0,32.0,16.0,26.0
1770930527293125761,54693,9.6,26.8,10.916,-54.6,-1.89,1.05,-6.81,11.63,9.94,-0.04,-0.02,0.2,361.35,255.0,14.18,33.68,16.0,26.0
1770930527395577045,54794,10.232,29.8,10.808,-45.6,-1.89,0.86,-7.25,12.0,10.06,0.16,0.04,0.0,357.23,256.0,14.3,35.75,16.0,26.0
1770930527493853335,54894,10.376,40.0,11.08,-46.4,-2.4,0.64,-8.06,12.0,10.25,-0.21,-0.12,0.06,356.89,255.0,14.17,37.52,16.0,26.0
1770930527592162849,54994,10.956,27.2,11.08,-48.6,-2.17,0.86,-9.63,11.81,10.44,-0.2,-0.06,0.24,363.58,255.0,14.33,38.52,16.0,26.0
1770930527694510422,55094,9.856,47.7,10.8,-55.6,-1.95,0.61,-11.19,11.88,10.38,-0.04,0.11,0.05,364.78,255.0,14.44,40.9,16.0,26.0
1770930527796956427,55194,10.52,25.4,10.812,-57.5,-2.17,0.72,-13.13,12.19,10.31,0.25,-0.25,-0.31,366.15,249.0,13.21,44.58,16.0,26.0
1770930527895245792,55294,10.2,38.7,11.044,-51.6,-1.84,1.15,-15.69,12.06,10.0,0.16,0.08,-0.19,370.1,249.0,14.33,46.58,16.0,26.0
1770930527993532713,55394,9.036,99.1,10.772,-40.8,-2.05,2.17,-18.62,11.31,9.5,-0.3,0.06,-0.01,364.09,246.0,15.24,44.91,16.0,26.0
1770930528095972236,55494,9.16,40.6,10.752,-44.9,-1.89,1.15,-21.69,10.88,8.75,0.04,-0.15,0.18,374.21,246.0,15.79,53.51,16.0,26.0
1770930528194258489,55595,9.092,74.5,11.052,-38.2,-1.95,0.88,-24.56,10.75,8.13,0.3,-0.14,-0.13,376.44,291.0,18.44,64.16,16.0,26.0
1770930528296657953,55695,9.296,109.0,10.976,-20.0,-1.11,1.04,-27.19,9.94,7.81,-0.32,0.02,-0.04,366.15,358.0,21.68,66.7,16.0,26.0
1770930528394974820,55795,9.332,91.4,11.056,-17.4,-0.51,1.56,-29.37,9.63,7.94,-0.41,0.13,0.04,407.14,358.0,22.16,73.57,16.0,26.0
1770930528497346764,55896,10.9,81.2,11.068,-7.9,-0.8,0.94,-31.0,10.13,8.0,0.0,-0.21,0.18,380.04,384.0,24.86,81.8,16.0,26.0
1770930528605709042,55996,9.408,66.6,9.94,-13.4,-0.37,0.31,-32.5,10.63,7.94,0.35,0.06,-0.01,375.24,388.0,25.84,87.54,16.0,26.0
1770930528698086245,56096,9.136,56.2,10.732,-16.0,-0.51,0.88,-33.44,10.25,7.5,-0.19,-0.29,0.0,357.23,388.0,25.7,90.41,16.0,26.0
1770930528800508026,56197,9.356,106.7,11.04,-17.6,-0.63,0.86,-34.25,10.06,7.13,1.17,-0.47,-0.61,353.98,392.0,26.46,90.62,16.0,26.0
1770930529009410240,56297,9.144,79.4,9.608,-8.0,-0.41,0.8,-35.06,9.56,6.81,-0.02,-0.29,-0.07,363.24,391.0,26.21,93.38,16.0,28.0
1770930529111809741,56508,9.18,101.7,11.076,-8.2,-0.78,1.05,-36.31,9.69,6.81,0.09,-0.29,-0.25,369.58,389.0,24.5,91.86,16.0,28.0
1770930529210109921,56608,9.352,77.4,11.012,-15.8,-0.31,0.76,-37.06,9.13,6.56,0.15,0.1,-0.55,370.78,389.0,26.26,95.98,16.0,28.0
1770930529312517034,56709,9.188,81.4,11.064,-16.0,-0.72,0.92,-37.94,8.5,6.63,-0.42,-0.27,0.11,368.55,395.0,25.56,99.99,16.0,28.0
1770930529410868717,56810,10.94,111.1,9.788,-13.3,-0.63,1.21,-38.94,9.25,6.63,0.56,0.17,0.0,411.09,396.0,24.31,98.09,16.0,28.0
1770930529517333926,56910,11.068,70.5,11.04,-21.3,-0.68,1.27,-39.81,9.38,6.5,0.05,-0.34,-0.28,137.54,394.0,23.17,103.42,16.0,28.0
1770930529615600826,57014,11.052,124.2,11.024,-22.2,-0.63,1.54,-41.13,8.81,6.5,0.2,-0.08,-0.09,135.66,394.0,21.92,103.81,16.0,28.0
1770930529783543972,57114,9.132,89.4,11.02,-19.3,-1.09,1.76,-42.38,8.06,6.25,-0.33,0.18,-0.04,387.08,389.0,20.52,109.0,16.0,28.0
1770930530123538160,57283,10.128,64.3,11.048,-27.4,-1.5,1.09,-43.31,8.69,6.06,0.07,-0.5,0.11,384.85,385.0,16.34,112.36,16.0,30.0
1770930530225957403,57622,9.112,117.9,11.008,-39.7,-1.78,1.48,-43.5,8.56,5.44,0.15,-0.06,0.02,387.08,391.0,13.53,106.76,16.0,30.0
1770930530324256823,57722,9.36,59.0,10.948,-58.1,-2.15,0.8,-43.31,8.56,5.5,0.15,-0.05,0.09,381.93,391.0,13.47,113.68,16.0,30.0
1770930530426667065,57822,10.436,107.1,10.456,-58.3,-1.95,0.35,-43.44,8.69,5.5,0.3,0.02,0.0,392.22,391.0,13.3,117.0,16.0,30.0
1770930530524989801,57922,11.032,112.9,11.0,-53.0,-1.7,0.7,-43.31,8.5,5.31,0.32,-0.62,-0.26,398.05,393.0,13.78,111.76,16.0,30.0
1770930530946856064,58022,9.576,134.8,10.988,-38.1,-2.23,0.78,-43.13,8.25,5.25,0.0,0.19,0.06,398.57,391.0,14.28,114.81,18.0,30.0
1770930531049251305,58444,9.464,148.0,11.048,-47.9,-1.64,1.04,-40.81,8.88,5.13,0.62,0.48,0.13,408.0,392.0,14.94,107.29,18.0,30.0
1770930531147575948,58545,9.208,104.8,10.588,-39.7,-1.25,1.62,-39.19,8.63,5.5,0.11,-0.14,0.06,416.23,413.0,17.34,112.27,18.0,32.0
1770930531897175690,58645,11.06,115.4,10.624,-29.6,-1.21,1.86,-37.63,8.38,6.19,0.12,-0.34,0.09,0.0,415.0,24.33,101.45,18.0,32.0
1770930532005522317,59394,9.916,95.9,9.872,-15.1,-0.47,1.33,-17.12,9.38,9.06,-0.33,0.06,-0.17,385.7,423.0,25.91,102.02,18.0,32.0
1770930532097882739,59494,9.508,92.0,9.708,-11.9,-0.66,0.92,-13.63,9.88,10.0,-0.41,-0.1,0.55,380.56,423.0,25.7,101.93,18.0,32.0
1770930532196196641,59594,11.088,12.0,10.596,-9.3,-0.9,0.74,-9.94,11.31,10.25,0.11,-0.11,-0.17,383.3,403.0,25.42,54.02,18.0,32.0
1770930532941738135,59694,10.596,68.4,11.072,-19.1,-0.68,1.31,-6.19,12.75,10.38,0.11,-0.17,-0.06,0.0,400.0,21.61,32.68,18.0,34.0
1770930533687177600,60437,10.636,35.1,10.476,-32.3,-1.72,1.31,-5.0,12.13,11.31,-0.35,0.18,0.0,0.0,404.0,14.64,34.5,18.0,34.0
1770930534432656585,61181,11.088,28.2,11.072,-43.8,-2.5,0.7,-5.06,12.06,10.63,-0.04,0.23,0.16,0.0,372.0,19.28,30.55,18.0,34.0
1770930534903190591,61927,9.432,28.2,11.064,-12.8,-0.39,0.98,-4.81,12.0,10.44,-0.23,0.29,0.22,352.43,338.0,26.06,28.98,18.0,34.0
1770930535485375380,62388,9.42,34.0,11.064,-14.4,-0.55,0.86,-3.94,11.88,9.56,0.1,0.18,0.12,143.72,293.0,25.84,30.81,18.0,34.0
1770930536230858859,62981,9.464,33.8,10.956,-26.3,-0.7,0.8,7.63,11.88,10.19,0.13,0.15,-0.11,0.0,263.0,17.23,27.43,18.0,34.0
1770930536976352113,63724,10.576,32.8,10.868,-56.3,-2.07,0.66,44.19,13.19,13.06,-0.22,0.19,0.23,0.0,369.0,15.3,4.19,20.0,36.0
1770930537168872312,64470,11.06,11.2,11.016,-39.2,-1.07,1.11,56.88,16.81,13.88,-0.41,0.0,-0.05,344.37,390.0,21.48,23.2,20.0,36.0
1770930537435119831,64663,9.4,25.9,10.976,-15.0,-0.86,-0.7,57.19,17.37,13.5,0.45,0.13,0.05,348.49,384.0,25.64,65.84,20.0,36.0
1770930537571922932,64928,10.412,65.8,10.016,0.0,-0.41,-1.0,55.75,16.31,12.88,-1.26,0.07,0.82,353.98,383.0,26.43,72.53,20.0,36.0
1770930537668568426,65063,11.06,50.7,11.036,0.0,-1.48,-1.7,55.69,17.25,12.56,0.61,-0.09,-0.26,355.18,380.0,27.5,60.15,20.0,36.0
1770930537770997722,65163,11.088,64.3,9.56,-9.5,-0.51,-1.66,55.5,17.0,12.0,-0.11,0.25,0.22,353.98,380.0,27.16,52.51,20.0,36.0
1770930537869310361,65263,11.08,63.7,11.056,-13.7,-0.49,-2.19,54.81,16.44,11.69,-0.27,0.34,0.04,350.37,386.0,26.76,51.94,20.0,36.0
1770930537977660912,65363,9.432,61.6,9.724,-14.9,-0.8,-1.68,54.5,16.06,12.25,-0.42,0.32,-0.38,356.21,386.0,26.24,55.53,20.0,36.0
1770930538070020331,65462,9.568,44.9,11.032,-8.5,-0.59,-0.96,54.69,16.44,12.81,0.08,-0.27,0.0,352.78,386.0,26.03,53.58,20.0,36.0
1770930538168316784,65562,9.752,73.2,11.056,0.0,-0.55,-1.37,54.44,16.69,12.69,0.12,0.08,-0.14,361.35,385.0,25.42,54.02,20.0,36.0
1770930538270731338,65662,11.08,34.7,10.484,-16.8,-0.9,-1.62,53.63,16.31,11.94,-0.22,0.22,-0.04,363.75,393.0,26.1,55.58,20.0,36.0
1770930538369039958,65762,9.056,66.0,10.904,-15.8,-0.55,-1.23,53.0,16.06,11.13,-0.26,0.23,-0.07,155.38,393.0,25.63,55.83,20.0,36.0
1770930538471438159,65862,9.368,0.0,11.052,-21.9,-1.02,-1.48,52.31,16.19,10.69,0.04,0.14,0.0,150.92,399.0,22.82,52.73,20.0,36.0
1770930538569756706,65963,9.928,26.2,10.152,-30.8,-1.15,-0.45,51.0,16.44,10.69,0.58,-0.3,-0.18,400.62,404.0,21.8,51.12,20.0,36.0
1770930539139103134,66063,10.7,27.3,10.98,-37.1,-1.35,-0.68,48.81,15.69,10.56,0.13,0.23,0.13,376.79,410.0,16.23,45.36,20.0,36.0
1770930539237424273,66629,10.104,0.0,11.044,0.0,-2.03,-0.76,15.06,12.56,10.0,-0.4,0.0,0.55,367.35,420.0,13.75,42.96,20.0,36.0
1770930539335721115,66729,10.588,34.2,11.072,-52.7,-1.84,-1.68,7.56,12.06,9.56,0.63,-0.2,-0.2,360.32,400.0,13.94,38.33,20.0,38.0
1770930539503672439,66829,10.204,98.8,10.576,-41.8,-2.29,1.27,2.19,10.56,8.25,-0.52,0.35,0.24,355.69,383.0,14.2,43.12,20.0,38.0
1770930539810869743,66994,9.156,21.2,9.78,-44.7,-2.48,0.64,-3.56,9.31,7.13,-0.61,0.21,0.19,318.3,365.0,14.03,25.91,20.0,38.0
1770930539909195235,67302,9.084,22.8,10.284,-47.5,-1.56,0.66,-4.31,11.19,11.19,-0.44,-0.32,-0.25,307.67,358.0,15.85,26.75,20.0,38.0
1770930540511365603,67402,9.176,21.2,10.196,-35.5,-1.29,0.57,-2.69,11.5,11.5,0.65,1.44,2.1,287.95,337.0,24.41,34.97,20.0,38.0
1770930540609588791,68002,11.096,20.2,11.06,-16.7,-0.43,0.84,0.37,12.19,6.38,1.41,-1.38,-1.86,282.63,324.0,25.42,34.95,20.0,38.0
1770930540712126778,68102,9.44,15.4,11.088,-9.5,-0.45,0.45,0.75,11.81,7.88,-1.87,2.35,1.49,275.6,324.0,25.91,31.46,20.0,38.0
1770930540941414822,68201,10.696,17.8,11.084,-12.6,-0.31,1.04,0.56,11.94,8.63,0.03,-0.12,-0.75,250.73,267.0,26.3,17.14,20.0,38.0
1770930541039710422,68431,10.992,32.3,11.04,-14.6,-0.92,0.96,-0.31,12.19,12.63,-1.85,-3.89,9.22,250.22,262.0,23.11,14.86,20.0,38.0
1770930541142102492,68531,9.44,34.1,11.076,-19.5,-0.74,1.41,0.06,11.69,11.94,0.06,1.28,-2.08,239.76,259.0,24.45,16.3,20.0,38.0
1770930541240480078,68631,10.152,22.3,10.876,-12.6,-0.76,0.72,0.12,11.69,11.88,-0.28,0.24,0.24,240.79,259.0,24.06,21.65,20.0,38.0
1770930541338704988,68731,10.068,16.8,10.484,-17.9,-1.52,0.72,0.06,11.69,11.94,-0.27,0.12,-0.09,144.92,261.0,23.83,24.63,20.0,38.0
1770930541441152505,68831,10.676,16.1,11.028,-29.3,-1.15,0.74,0.06,11.63,11.94,-0.28,0.0,-0.09,155.55,261.0,21.73,23.54,20.0,38.0
1770930541539458124,68930,9.484,16.3,10.788,-36.7,-1.39,0.53,0.0,11.56,11.94,-0.29,-0.12,0.05,231.52,264.0,19.49,22.61,20.0,38.0
1770930541637687757,69030,9.912,26.1,11.044,-32.3,-1.74,0.92,0.0,11.56,11.94,-0.17,0.11,0.18,237.7,266.0,19.1,21.7,20.0,38.0
1770930541740146108,69130,9.504,23.6,10.656,-44.9,-2.29,0.96,0.0,11.5,12.0,-0.08,0.07,0.05,239.41,266.0,18.11,20.82,20.0,38.0
1770930541838420521,69230,9.528,23.4,9.752,-36.5,-2.21,0.76,-0.06,11.5,12.06,-0.03,-0.08,-0.08,237.7,264.0,16.53,20.46,20.0,38.0
1770930541940859909,69330,10.192,31.5,10.464,-51.5,-1.66,0.8,-0.06,11.44,12.06,-0.09,0.0,0.17,240.96,263.0,16.0,20.21,20.0,38.0
1770930542039164898,69430,11.028,23.2,10.94,-60.5,-2.01,1.35,-0.06,11.44,12.06,-0.16,0.16,0.19,232.9,263.0,14.33,20.6,20.0,38.0
1770930542141561263,69529,11.032,25.3,11.02,-49.6,-1.88,1.13,-0.19,11.44,12.13,-0.3,0.15,0.37,236.33,258.0,13.5,19.86,20.0,38.0
1770930542239873567,69629,9.468,31.6,10.752,-39.8,-2.11,0.72,-0.12,11.56,12.25,0.08,0.42,-0.32,241.99,258.0,13.44,19.71,20.0,38.0
1770930542338189224,69728,9.448,21.8,11.064,-43.7,-2.25,0.88,-0.12,11.5,12.25,-0.53,-0.15,0.09,241.13,260.0,14.57,21.86,20.0,38.0
1770930542440584478,69828,10.832,18.1,10.844,-42.9,-2.01,0.72,-0.12,11.5,12.19,0.14,-0.66,0.0,240.79,262.0,14.17,21.68,20.0,38.0
1770930542538905820,69928,10.036,24.1,10.564,-52.3,-2.09,0.88,0.12,11.5,11.31,0.13,-0.72,0.09,249.02,262.0,13.44,22.39,20.0,38.0
1770930542723212962,70028,10.656,12.0,10.252,-60.7,-2.19,0.57,0.75,11.63,9.63,-0.12,0.12,-0.84,260.17,269.0,12.93,23.41,22.0,38.0
1770930542825619143,70214,10.46,15.7,11.016,-39.1,-1.97,0.47,0.69,11.88,9.13,0.17,0.19,-0.04,263.6,281.0,14.57,22.67,22.0,38.0
1770930542923895889,70315,9.508,22.2,10.94,-50.9,-1.68,0.64,0.19,11.5,9.88,-0.17,-0.21,0.87,265.82,281.0,15.95,21.27,22.0,38.0
1770930543026332239,70415,11.08,22.5,11.04,-35.8,-1.29,0.86,0.0,11.31,10.13,0.08,0.15,-0.43,266.51,278.0,18.1,21.25,22.0,38.0
1770930543134691176,70515,9.392,16.9,10.956,-26.8,-0.84,0.39,0.19,11.13,10.63,-0.57,-0.32,-0.66,262.22,282.0,22.34,24.06,22.0,38.0
1770930543227044426,70616,9.34,17.8,9.772,-12.3,-0.76,0.45,0.75,12.25,10.38,0.37,0.8,-0.42,261.54,282.0,24.56,22.81,22.0,38.0
1770930543335376102,70716,10.284,19.1,9.572,-9.2,-0.45,0.59,1.12,11.88,10.25,-0.17,-0.37,-0.09,257.08,288.0,25.66,23.26,22.0,38.0
1770930543427746021,70816,11.108,17.9,10.748,-19.8,-0.72,1.02,0.75,11.56,11.31,0.01,-2.52,-0.16,249.02,281.0,25.84,20.01,22.0,38.0
1770930543530138626,70917,10.86,20.4,11.064,-15.0,-0.35,0.92,0.63,11.5,11.75,-0.62,1.32,1.96,244.56,281.0,25.98,17.92,22.0,38.0
1770930543628422447,71017,10.928,25.3,11.024,-8.9,-0.51,1.17,0.63,11.5,11.94,-0.29,0.02,-1.18,238.73,270.0,26.76,18.89,22.0,38.0
1770930543726763345,71117,10.872,23.5,10.904,-9.3,-0.66,0.88,0.69,11.44,12.06,-0.22,0.46,-1.17,236.84,267.0,26.95,19.37,22.0,38.0
1770930543829167118,71217,9.172,32.9,11.044,-12.7,-0.39,1.07,0.56,11.56,12.19,-0.16,-0.16,1.19,232.73,267.0,26.54,17.39,22.0,38.0
1770930543927467865,71317,10.764,29.4,11.04,-20.7,-0.43,1.23,0.31,11.69,12.44,0.0,0.28,-0.48,241.47,266.0,26.21,17.48,22.0,38.0
1770930544029874008,71417,9.236,22.3,11.028,-19.1,-0.47,0.92,0.31,11.88,12.56,0.06,0.29,0.35,239.59,266.0,24.82,19.5,22.0,38.0
1770930544128176978,71518,9.436,20.5,10.16,-12.6,-0.78,0.39,0.31,11.81,12.56,-0.22,-0.16,-0.27,240.1,267.0,24.86,23.26,22.0,38.0
1770930544230602252,71618,11.024,33.8,11.024,-24.0,-0.59,1.09,0.31,11.75,12.56,0.14,0.0,0.31,242.5,267.0,23.94,20.64,22.0,38.0
1770930544328898443,71718,9.444,16.9,11.072,-16.6,-0.94,0.76,0.37,11.75,12.56,-0.12,0.06,0.09,140.29,267.0,23.54,21.73,22.0,40.0
1770930544431293567,71819,10.548,21.4,10.876,-33.5,-1.5,0.8,0.31,11.75,12.56,0.05,-0.03,-0.01,153.49,266.0,22.24,21.45,22.0,40.0
1770930544529558145,71919,10.432,27.1,11.056,-27.5,-1.66,0.74,0.31,11.69,12.56,-0.35,-0.14,0.35,229.64,266.0,20.01,19.18,22.0,40.0
1770930544631970733,72019,10.612,36.6,11.016,-31.6,-1.89,0.94,0.31,11.69,12.56,0.0,-0.01,-0.11,232.21,266.0,19.5,19.5,22.0,40.0
1770930544730288870,72119,9.372,34.0,11.012,-46.5,-2.27,0.96,0.31,11.69,12.63,0.0,-0.03,-0.08,148.69,267.0,17.81,19.43,22.0,40.0
1770930544828580227,72219,9.948,22.4,11.032,-39.5,-2.27,1.17,0.31,11.69,12.63,-0.03,-0.02,0.04,235.47,267.0,16.51,18.99,22.0,40.0
1770930544931043041,72318,9.644,27.0,11.036,-45.7,-2.11,0.82,0.31,11.69,12.63,-0.07,-0.06,-0.01,237.87,267.0,16.12,19.71,22.0,40.0
1770930545029328805,72418,10.612,30.9,10.98,-56.7,-2.17,1.43,0.31,11.69,12.63,-0.09,-0.06,-0.06,232.55,267.0,14.44,18.44,22.0,40.0
1770930545131728873,72518,9.288,24.1,10.976,-53.3,-1.78,1.0,0.31,11.69,12.63,-0.03,-0.03,-0.03,237.7,266.0,13.34,18.34,22.0,40.0
1770930545230052566,72619,9.404,21.4,11.004,-59.6,-2.09,1.31,0.31,11.69,12.63,0.04,-0.09,-0.09,231.01,266.0,13.44,18.81,22.0,40.0
1770930545332443300,72719,10.388,19.7,11.04,-42.6,-2.36,0.96,0.31,11.63,12.63,-0.2,0.24,0.26,233.58,264.0,14.03,20.27,22.0,40.0
1770930545430752251,72819,9.928,20.2,10.848,-55.9,-2.09,0.8,0.31,11.63,12.69,-0.08,-0.12,0.2,232.55,264.0,14.49,20.82,22.0,40.0
1770930545533142745,72920,10.664,19.7,11.016,-57.8,-2.42,0.76,0.31,11.63,12.69,-0.07,0.0,0.05,233.58,265.0,12.59,21.25,22.0,40.0
1770930545631405396,73020,11.004,21.1,11.036,-51.2,-2.77,0.47,0.31,11.63,12.69,-0.02,0.05,-0.07,231.18,265.0,13.47,22.74,22.0,40.0
1770930545733855301,73120,10.88,19.9,10.104,-49.5,-2.21,0.43,0.31,11.63,12.69,-0.09,0.05,-0.01,237.87,265.0,13.3,22.16,22.0,40.0
1770930545832202310,73221,10.976,18.2,10.152,-60.1,-2.27,0.9,0.31,11.63,12.69,-0.04,-0.07,-0.04,236.33,265.0,13.63,22.45,22.0,40.0
