timestamp_ns,pos_x,pos_y,vel_n,vel_e,last_gps_pos_x,last_gps_pos_y,distance_traveled,relative_distance,yaw_imu_deg,q_pos,q_vel,q_ori,r_fixed,r_float,error_percent
1776370249823301251,0.000016883500587722533,-0.00002007221890745858,0.002855319129947928,-0.003394591680154646,0.0,0.0,0.0,0.0007102663654145889,0.727707538939437,0.01,0.1,0.001,0.0001,0.25,0.0
1776370252732365163,0.0009648792321877448,-0.0004156012771062612,0.00357602906274884,-0.005660729921191555,0.0015053319146485717,0.0,0.05204654282178972,0.05275664873619085,53.094025272330846,0.01,0.1,0.001,0.0001,0.25,0.0
1776370252830025096,0.001548330204516809,-0.0009803420896646205,0.008365967955718725,-0.0058983100318264845,0.0015053319146485717,0.0,0.2001908729151365,0.20089665066654233,92.47715229559776,0.01,0.1,0.001,0.0001,0.25,0.0
1776370252932390758,0.0025061745226835925,-0.0016853110737553977,0.010347669437947064,-0.00787484046021268,0.0015053319146485717,0.0,0.45619509855271484,0.45689973676256335,110.95404550666568,0.01,0.1,0.001,0.0001,0.25,0.0
1776370253038543299,0.003922536421468031,-0.0024316803056524845,0.01633715143583475,-0.006187052390738029,0.0015053319146485717,0.0,0.830622477138673,0.8313265214281308,127.30245949578092,0.01,0.1,0.001,0.0001,0.25,0.0
1776370253133000935,0.005946998285903242,-0.0029313282605600557,0.02652878468020793,-0.004392488618079412,0.0015053319146485717,0.0,1.257477219783051,1.2581808298786012,115.83396990407459,0.01,0.1,0.001,0.0001,0.25,0.0
1776370253230946390,0.008918219374276514,-0.0037635219009364727,0.03414141469310946,-0.012600307467144484,0.0015053319146485717,0.0,1.257477219783051,1.7941927917262557,83.24931160973496,0.01,0.1,0.001,0.0001,0.25,0.0
1776370253333790596,0.012359095122976763,-0.005518471916274411,0.032774027498295964,-0.021528578571391187,0.0015053319146485717,0.0,1.257477219783051,2.4593974306827326,28.151100473710066,0.01,0.1,0.001,0.0001,0.25,0.0
1776370253431865924,0.016637666578245325,0.0020831113079185044,0.032434902977220716,-0.018527520428210657,0.013547991082408034,0.007421299209286747,1.257477219783051,1.2467307098487417,333.76873136103046,0.01,0.1,0.001,0.0001,0.25,0.0
1776370253533509035,0.01926760457598732,0.0005624410339666137,0.01936666044346597,-0.011424933852348291,0.013547991082408034,0.007421299209286747,1.257477219783051,1.8969860394695401,260.14084655032246,0.01,0.1,0.001,0.0001,0.25,0.0
1776370253631955832,0.02104563320879739,-0.0006259095604463315,0.016746191107300516,-0.01271119523713414,0.013547991082408034,0.007421299209286747,1.257477219783051,2.62518724833111,179.9415081240858,0.01,0.1,0.001,0.0001,0.25,0.0
1776370253731077678,0.02249707527265383,-0.001763661792522437,0.012517590932279153,-0.010228014093796221,0.013547991082408034,0.007421299209286747,1.257477219783051,3.4556589265489843,111.78221654786537,0.01,0.1,0.001,0.0001,0.25,0.0
1776370253833599286,0.023700076919190287,-0.0023957939796625466,0.010950147492695734,-0.002103401129550932,0.013547991082408034,0.007421299209286747,1.257477219783051,4.4160563979957725,44.329995648676444,0.01,0.1,0.001,0.0001,0.25,0.0
1776370253931450869,0.025288324803883336,-0.001964088588774367,0.021513957822515722,0.01092754590569649,0.013547991082408034,0.007421299209286747,1.257477219783051,5.429125347975167,356.29232925157095,0.01,0.1,0.001,0.0001,0.25,0.0
1776370254034054960,0.028143378233830136,-0.0001950183411659832,0.03414209541289286,0.023558487471235554,0.013547991082408034,0.007421299209286747,1.257477219783051,6.592592772405267,331.1250546146824,0.01,0.1,0.001,0.0001,0.25,0.0
1776370254132433699,0.0318579912419683,0.002357509331856569,0.041366994488725904,0.028328220812068008,0.013547991082408034,0.007421299209286747,1.257477219783051,7.806106675229003,331.1250546146824,0.01,0.1,0.001,0.0001,0.25,0.0
1776370254235155920,0.03636440736038059,0.005486015089392813,0.046373313943372706,0.03258405468248568,0.013547991082408034,0.007421299209286747,1.257477219783051,9.174976117393838,338.1721568399263,0.01,0.1,0.001,0.0001,0.25,0.0
1776370254334173522,0.04112045198379373,0.008868100855170685,0.04969645385727104,0.035732418338107794,0.013547991082408034,0.007421299209286747,1.257477219783051,10.592561662723858,353.5534755453729,0.01,0.1,0.001,0.0001,0.25,0.0
1776370254434617575,0.024922224855716796,0.009514565018170515,0.03747593733739591,0.028334896582979382,0.015053324280580236,0.007421299209286747,1.257477219783051,2.9158106385538876,4.918865148134406,0.01,0.1,0.001,0.0001,0.25,0.0
1776370254534117574,0.028688810589315817,0.012164231236154892,0.038226368890446144,0.02491912645601279,0.015053324280580236,0.007421299209286747,1.257477219783051,3.9712631464667303,14.263238794333727,0.01,0.1,0.001,0.0001,0.25,0.0
1776370254635983466,0.03264770205711521,0.014802460655400803,0.03950906319868705,0.02688423959315623,0.015053324280580236,0.007421299209286747,1.257477219783051,5.152630426680654,23.82203422415664,0.01,0.1,0.001,0.0001,0.25,0.0
1776370254734432521,0.03653517689513565,0.01704720435416388,0.03947166973609337,0.018721586802190174,0.015053324280580236,0.007421299209286747,1.257477219783051,6.391445887818651,37.26855798408984,0.01,0.1,0.001,0.0001,0.25,0.0
1776370254833021487,0.04048616816640288,0.01854668274157293,0.040678508848823604,0.011696972056460869,0.015053324280580236,0.007421299209286747,1.257477219783051,7.727899701955843,43.00183531794346,0.01,0.1,0.001,0.0001,0.25,0.0
1776370254935308904,0.04462690346441501,0.019576654420941697,0.04028347916999391,0.00844161415184097,0.015053324280580236,0.007421299209286747,1.257477219783051,9.216123968232635,50.949637305876564,0.01,0.1,0.001,0.0001,0.25,0.0
1776370255033442843,0.048712870809942584,0.020113238905681737,0.043016253594490496,0.0024976177128822634,0.015053324280580236,0.007421299209286747,1.257477219783051,10.740447210505119,51.91698718070432,0.01,0.1,0.001,0.0001,0.25,0.0
1776370255135640369,0.05338029458481046,0.020205446542594072,0.04829373641989477,-0.0006937364259395748,0.015053324280580236,0.007421299209286747,1.257477219783051,12.429804718816674,53.41416250159048,0.01,0.1,0.001,0.0001,0.25,0.0
1776370255234242444,0.0582622629859003,0.019870456099749863,0.05072477429149667,-0.006100706312685716,0.015053324280580236,0.007421299209286747,1.257477219783051,14.157034819715667,53.7586984370312,0.01,0.1,0.001,0.0001,0.25,0.0
1776370255332653332,0.06348788549247159,0.019173851014860716,0.055474735768865475,-0.008056290031339255,0.015053324280580236,0.007421299209286747,1.257477219783051,15.97672934461766,53.0917372399223,0.01,0.1,0.001,0.0001,0.25,0.0
1776370255434940878,0.028755864656581205,0.04380190495717724,0.04482287314481059,0.015011729842061724,0.007526662140290118,0.048238446046822696,1.257477219783051,5.59555184240105,53.15321797348944,0.01,0.1,0.001,0.0001,0.25,0.0
1776370255532215616,0.033207724793541185,0.04516773578744509,0.04670173317594896,0.013068022260479314,0.007526662140290118,0.048238446046822696,1.257477219783051,6.987858047563108,53.58360633848159,0.01,0.1,0.001,0.0001,0.25,0.0
1776370255630662318,0.03832987525737502,0.04612969092548559,0.0573652433507667,0.006476066394676183,0.007526662140290118,0.048238446046822696,1.257477219783051,8.491438171835615,52.568580819233674,0.01,0.1,0.001,0.0001,0.25,0.0
1776370255734276905,0.04507713158732716,0.046594593552257764,0.07287375185682751,0.0024977220638110267,0.007526662140290118,0.048238446046822696,1.257477219783051,10.177040765237997,48.629820875521304,0.01,0.1,0.001,0.0001,0.25,0.0
1776370255833219135,0.05221991848597032,0.04699945018995326,0.07150244359308164,0.005685590959880206,0.007526662140290118,0.048238446046822696,1.257477219783051,11.885335600558406,56.54174916949824,0.01,0.1,0.001,0.0001,0.25,0.0
1776370255929850010,0.05952470831715302,0.04783094662260168,0.07969868014163241,0.01152547163101856,0.007526662140290118,0.048238446046822696,1.257477219783051,13.647131163787579,61.24317968215834,0.01,0.1,0.001,0.0001,0.25,0.0
1776370256033036701,0.06774699371753982,0.04915653380406772,0.07965293132383942,0.014165007745268823,0.007526662140290118,0.048238446046822696,1.257477219783051,15.630840999432465,73.62758024370628,0.01,0.1,0.001,0.0001,0.25,0.0
1776370256139352778,0.0768802337667474,0.050306828085501534,0.09215655946116134,0.007473695900015296,0.007526662140290118,0.048238446046822696,1.257477219783051,17.78423725747143,83.24975480973094,0.01,0.1,0.001,0.0001,0.25,0.0
1776370256241699898,0.08655593729568278,0.05135011364624123,0.09692356517755725,0.012913923797974918,0.007526662140290118,0.048238446046822696,1.257477219783051,19.96258403283575,90.75934203780916,0.01,0.1,0.001,0.0001,0.25,0.0
1776370256331847680,0.09535476239918166,0.05254966084806147,0.0982809722900046,0.013698385680561703,0.007526662140290118,0.048238446046822696,1.257477219783051,21.96696788670397,99.71335310579964,0.01,0.1,0.001,0.0001,0.25,0.0
1776370256433905925,0.07496634734858881,0.030427757301827424,0.1419262783549606,0.003015822671142629,0.009031994054938689,0.04267247104662821,1.257477219783051,8.342970052187043,94.89529661420707,0.01,0.1,0.001,0.0001,0.25,0.0
1776370256531687856,0.089456120380867,0.030879777890808167,0.15444610938711426,0.006229761850186409,0.009031994054938689,0.04267247104662821,1.257477219783051,9.93980947315304,90.24281338595692,0.01,0.1,0.001,0.0001,0.25,0.0
1776370256631102982,0.105203521485584,0.031568214537421854,0.1623537377013952,0.00761992819879652,0.009031994054938689,0.04267247104662821,1.257477219783051,11.659321604614854,93.28553930580355,0.01,0.1,0.001,0.0001,0.25,0.0
1776370256734017871,0.12202972749000132,0.03244727515826511,0.16464373608490337,0.009463578460119682,0.009031994054938689,0.04267247104662821,1.257477219783051,13.541463363987317,96.78482973853407,0.01,0.1,0.001,0.0001,0.25,0.0
1776370256832520684,0.13820395901729138,0.033557480288919916,0.1637804567212999,0.013079577501844126,0.009031994054938689,0.04267247104662821,1.257477219783051,15.440119309617558,97.50587514723865,0.01,0.1,0.001,0.0001,0.25,0.0
1776370256933267703,0.15475664480901544,0.03504737470842344,0.16481602774619297,0.01649713739727919,0.009031994054938689,0.04267247104662821,1.257477219783051,17.480966612933813,97.43817094681361,0.01,0.1,0.001,0.0001,0.25,32.53
1776370257032388694,0.17142344478054755,0.03667335802527096,0.17149322461197528,0.016312594199060147,0.009031994054938689,0.04267247104662821,1.257477219783051,19.585803537030152,105.09975155058154,0.01,0.1,0.001,0.0001,0.25,80.53
1776370257135746534,0.18962117393895006,0.03857120266344837,0.18063952274841713,0.020411397057619646,0.009031994054938689,0.04267247104662821,1.257477219783051,21.88279491186672,111.82114833515924,0.01,0.1,0.001,0.0001,0.25,133.07
1776370257233493982,0.20785759056575087,0.04087627664061621,0.19245806396419526,0.026747952044519983,0.009031994054938689,0.04267247104662821,1.257477219783051,24.151565268071614,112.52895042092187,0.01,0.1,0.001,0.0001,0.25,161.2
1776370257344327542,0.22956348097091683,0.04397952241948683,0.19924764408382722,0.029253394243041214,0.009031994054938689,0.04267247104662821,1.257477219783051,26.836948392136087,115.01151840838635,0.01,0.1,0.001,0.0001,0.25,191.73
1776370257434235134,0.17510687684832082,0.014016228691082919,0.16207434721004144,0.057801625645693605,0.028601315362988267,0.05009377104688752,1.257477219783051,9.804580596789291,177.34748541858815,0.01,0.1,0.001,0.0001,0.25,222.0
1776370257536262988,0.19172091804943348,0.01963688764872864,0.16355713087444815,0.052362028219834836,0.028601315362988267,0.05009377104688752,1.257477219783051,11.477735997459728,182.60667794932954,0.01,0.1,0.001,0.0001,0.25,257.87
1776370257634483982,0.20774921874756416,0.02443223692230037,0.162868919450464,0.04529816376065464,0.028601315362988267,0.05009377104688752,1.257477219783051,13.184127274115195,188.3444944453003,0.01,0.1,0.001,0.0001,0.25,100.0
1776370257737834099,0.2244716587566828,0.02879807157848486,0.1607441564170527,0.03918957732536214,0.028601315362988267,0.05009377104688752,1.257477219783051,15.081559342197131,188.3444944453003,0.01,0.1,0.001,0.0001,0.25,53.07
1776370257836042555,0.24013279773065496,0.03238829646463768,0.1581715263209673,0.03391998530947178,0.028601315362988267,0.05009377104688752,1.257477219783051,16.981333771317892,183.47704552077056,0.01,0.1,0.001,0.0001,0.25,101.07
1776370257946249272,0.2571650032599518,0.036136928272237676,0.15092230721163238,0.034108725001726445,0.028601315362988267,0.05009377104688752,1.257477219783051,19.22486559117179,174.36022377834198,0.01,0.1,0.001,0.0001,0.25,126.4
1776370258044760547,0.2718243717457901,0.03921413109058994,0.14672722184304154,0.028371999906246222,0.028601315362988267,0.05009377104688752,1.257477219783051,21.329934137400596,163.97623053135112,0.01,0.1,0.001,0.0001,0.25,156.27
1776370258145752179,0.2857982522437154,0.04188521508935498,0.13002513843570926,0.024528753128730894,0.028601315362988267,0.05009377104688752,1.257477219783051,23.586609948635616,159.8044645883517,0.01,0.1,0.001,0.0001,0.25,184.4
1776370258244631720,0.2981634276341554,0.044366920207701235,0.12003977115279899,0.025659565795107274,0.028601315362988267,0.05009377104688752,1.257477219783051,25.894093555755784,166.95832480209407,0.01,0.1,0.001,0.0001,0.25,214.53
1776370258334169953,0.30891677413990903,0.04606696486902333,0.12017638795889929,0.012317281565166621,0.028601315362988267,0.05009377104688752,1.257477219783051,28.066150111323743,191.21719997287184,0.01,0.1,0.001,0.0001,0.25,214.53
1776370258437319066,0.19855812961497518,-0.058248788332521784,0.17717940335491067,-0.186028158340749,0.03612797750327838,0.04638312104675786,1.257477219783051,10.49081652296917,332.15754550703485,0.01,0.1,0.001,0.0001,0.25,245.2
1776370258541898352,0.21692993660457252,-0.07649955626741325,0.17418852304710522,-0.1630248492462727,0.03612797750327838,0.04638312104675786,1.257477219783051,12.176118101300606,312.0730332518528,0.01,0.1,0.001,0.0001,0.25,39.87
1776370258754921582,0.25502156077179633,-0.11101346606271216,0.18348340174598557,-0.16105312901021004,0.03612797750327838,0.04638312104675786,1.257477219783051,15.945977413189095,189.39807042498242,0.01,0.1,0.001,0.0001,0.25,62.4
1776370258767416388,0.25731657309324346,-0.11302621733271996,0.18339433781444445,-0.16070271924258664,0.03612797750327838,0.04638312104675786,1.4929797000538751,16.181475072149393,187.95537903976404,0.01,0.1,0.001,0.0001,0.25,62.4
1776370258834670185,0.2698811332412719,-0.12361605646263507,0.19028172446582298,-0.15424419013005194,0.03612797750327838,0.04638312104675786,1.4929797000538751,17.473493880395367,163.63232080151323,0.01,0.1,0.001,0.0001,0.25,62.4
1776370258937938856,0.2896505054557076,-0.13825263056523726,0.1925847642962715,-0.12921720021584585,0.03612797750327838,0.04638312104675786,1.4929797000538751,19.542507423966864,149.60054951322155,0.01,0.1,0.001,0.0001,0.25,112.67
1776370259038167142,0.30963848634405683,-0.15029123045247578,0.20623950686054052,-0.11099144579976992,0.03612797750327838,0.04638312104675786,1.4929797000538751,21.649468495158118,139.16549338680605,0.01,0.1,0.001,0.0001,0.25,132.93
1776370259140657502,0.33108453967640444,-0.16210833486595191,0.21228445771597343,-0.11962167971563019,0.03612797750327838,0.04638312104675786,1.4929797000538751,23.90572654833081,134.9401351825393,0.01,0.1,0.001,0.0001,0.25,188.67
1776370259236957905,0.3517371203373556,-0.1735388251081551,0.21660552650795897,-0.11775411656534493,0.03612797750327838,0.04638312104675786,1.4929797000538751,26.12072772778247,148.47371116357658,0.01,0.1,0.001,0.0001,0.25,188.67
1776370259338791069,0.37350747578691346,-0.1848222322649952,0.2109926183976554,-0.10386670077310328,0.03612797750327838,0.04638312104675786,1.4929797000538751,28.562673440577193,150.83303150501914,0.01,0.1,0.001,0.0001,0.25,218.8
1776370259437224823,0.2655480990826896,-0.10930430241854412,0.348243845312936,-0.06822849351761244,0.046665304756389275,0.05009377104688752,1.4929797000538751,10.440276612468134,0.31597282768199597,0.01,0.1,0.001,0.0001,0.25,280.8
1776370259539255824,0.30236335442786194,-0.11513862273988844,0.37337720412558995,-0.046130847836272706,0.046665304756389275,0.05009377104688752,1.4929797000538751,12.01810116505853,329.5251396203978,0.01,0.1,0.001,0.0001,0.25,100.0
1776370259638691799,0.34302039385932326,-0.1198396350907772,0.4443186574239017,-0.04841608421210995,0.046665304756389275,0.05009377104688752,1.4929797000538751,13.65125734633753,48.481961293532606,0.01,0.1,0.001,0.0001,0.25,39.2
1776370259736050480,0.3857233557012583,-0.12552455033340906,0.43301882570734845,-0.06838118266709813,0.046665304756389275,0.05009377104688752,1.4929797000538751,15.343039810784974,188.30900410249555,0.01,0.1,0.001,0.0001,0.25,60.27
1776370259838015627,0.432143099094415,-0.13381118798325278,0.4774023078445546,-0.09414298250561995,0.046665304756389275,0.05009377104688752,1.4929797000538751,17.216284171503414,286.1628575615814,0.01,0.1,0.001,0.0001,0.25,82.0
1776370259941503783,0.4826448420384903,-0.1434254689776615,0.49872035140132237,-0.09168659453277674,0.046665304756389275,0.05009377104688752,1.4929797000538751,19.22376279066154,54.09387673174638,0.01,0.1,0.001,0.0001,0.25,104.53
1776370260063461049,0.5473387943632372,-0.15192899790814463,0.5621062157523729,-0.04775100480780186,0.046665304756389275,0.05009377104688752,1.4929797000538751,21.7263588336944,84.49895387617813,0.01,0.1,0.001,0.0001,0.25,129.6
1776370260148130771,0.596783259973369,-0.15489438325765864,0.6059021559694723,-0.022299199413718607,0.046665304756389275,0.05009377104688752,1.4929797000538751,23.554854792633346,135.79100040502354,0.01,0.1,0.001,0.0001,0.25,189.73
1776370260240103859,0.6540225358522657,-0.15919620028880005,0.6386243991560695,-0.07123317758339553,0.046665304756389275,0.05009377104688752,1.4929797000538751,25.628554024812907,303.39345604388376,0.01,0.1,0.001,0.0001,0.25,189.73
1776370260338737949,0.7182197190468955,-0.16733735953963555,0.6632150000375419,-0.09385945328352653,0.046665304756389275,0.05009377104688752,1.4929797000538751,27.948652851387624,239.60597197044518,0.01,0.1,0.001,0.0001,0.25,214.0
1776370260439838618,0.49531579706482665,-0.18789388324723594,1.3284366448574838,-0.2997046331314689,0.022579986420870352,0.02226389762786024,1.4929797000538751,9.997418528194109,152.02185956615043,0.01,0.1,0.001,0.0001,0.25,241.73
1776370260542750374,0.6349489176502321,-0.21554277047259118,1.3851777718497789,-0.2376207425822882,0.022579986420870352,0.02226389762786024,1.4929797000538751,11.481540832227967,247.12828932452055,0.01,0.1,0.001,0.0001,0.25,272.67
1776370260640662155,0.7740579026642976,-0.23889978619751137,1.4565142337605461,-0.2395119520003747,0.022579986420870352,0.02226389762786024,1.4929797000538751,12.986207149067614,223.88838720168948,0.01,0.1,0.001,0.0001,0.25,33.33
1776370260748617849,0.9300623685679696,-0.26574537595463893,1.4342861898161656,-0.2579433086008818,0.022579986420870352,0.02226389762786024,1.4929797000538751,14.750984978350573,234.29602966401052,0.01,0.1,0.001,0.0001,0.25,73.2
1776370260841841606,1.0630557098968998,-0.289702314479976,1.4186171182925615,-0.2559683541044754,0.022579986420870352,0.02226389762786024,1.4929797000538751,16.370127848979,24.42436835279394,0.01,0.1,0.001,0.0001,0.25,73.2
1776370260994631176,1.282563829219059,-0.31733401079983703,1.4545753334956373,-0.10570929837365728,0.022579986420870352,0.02226389762786024,1.4929797000538751,19.2101974263433,237.59318748155528,0.01,0.1,0.001,0.0001,0.25,96.67
1776370261038302550,1.3464015015106021,-0.3212941364676905,1.4689623819874285,-0.07565033352438709,0.022579986420870352,0.02226389762786024,1.4929797000538751,20.06260639299303,257.30224173534765,0.01,0.1,0.001,0.0001,0.25,118.27
1776370261140483329,1.4984228027699056,-0.32799743306022894,1.5065268634550304,-0.05555224634360046,0.022579986420870352,0.02226389762786024,1.4929797000538751,22.12810737660534,327.1296541363817,0.01,0.1,0.001,0.0001,0.25,118.27
1776370261238604725,1.6473675090550581,-0.33488673937557667,1.5292599409395327,-0.08486540074970592,0.022579986420870352,0.02226389762786024,1.4929797000538751,24.203561310015875,279.78905599777556,0.01,0.1,0.001,0.0001,0.25,167.47
1776370261347132168,1.8124393776176342,-0.34586814741137745,1.512720219640006,-0.11750236591473548,0.022579986420870352,0.02226389762786024,1.4929797000538751,26.605703310715032,324.057380067676,0.01,0.1,0.001,0.0001,0.25,222.67
1776370261438872603,1.9497442166769348,-0.36050567877700107,1.4812305352756379,-0.20167100322838066,0.022579986420870352,0.02226389762786024,1.4929797000538751,28.72521948179723,127.57812433249886,0.01,0.1,0.001,0.0001,0.25,222.67
1776370261540086255,1.104514661748913,-0.40922183686030894,1.6008388846744583,-0.20090524834668694,-0.1008572729365923,-0.08163429367507188,1.4929797000538751,9.500359769055905,138.87928237865347,0.01,0.1,0.001,0.0001,0.25,283.07
1776370261640969049,1.2649041430125005,-0.43270249895143786,1.5793298619735912,-0.2646643584911421,-0.1008572729365923,-0.08163429367507188,1.4929797000538751,11.042931392597966,49.39046930589805,0.01,0.1,0.001,0.0001,0.25,100.0
1776370261738219411,1.4166178068520128,-0.4609670430706182,1.5407445885862006,-0.3166114457519238,-0.1008572729365923,-0.08163429367507188,1.4929797000538751,12.624504483205586,342.997239838013,0.01,0.1,0.001,0.0001,0.25,26.67
1776370261859803410,1.6016991753600582,-0.5016077667700105,1.5037899371521442,-0.35191660464669827,-0.1008572729365923,-0.08163429367507188,1.4929797000538751,14.731567422221312,333.92646092082816,0.01,0.1,0.001,0.0001,0.25,47.2
1776370261938940852,1.7203480622301257,-0.5293648798728999,1.4944187362647148,-0.34949425094128345,-0.1008572729365923,-0.08163429367507188,1.4929797000538751,16.182344484722318,354.97273954590264,0.01,0.1,0.001,0.0001,0.25,68.27
1776370262037804538,1.866262846268823,-0.5625757575543053,1.4576132083773934,-0.322401831906015,-0.1008572729365923,-0.08163429367507188,1.4929797000538751,18.083055517506402,96.8214361977142,0.01,0.1,0.001,0.0001,0.25,115.73
1776370262135689187,2.011194000383328,-0.5914434461983468,1.5034044982470498,-0.2673798319921082,-0.1008572729365923,-0.08163429367507188,1.4929797000538751,20.06387396927871,57.901071056488775,0.01,0.1,0.001,0.0001,0.25,141.07
1776370262238177490,2.17002933182894,-0.6189632280590662,1.5963006804796351,-0.2696745473750558,-0.1008572729365923,-0.08163429367507188,1.4929797000538751,22.241640851282902,355.30564215019314,0.01,0.1,0.001,0.0001,0.25,141.07
1776370262339973854,2.3322157602775127,-0.6463024617131724,1.5902246288830104,-0.26746756007946615,-0.1008572729365923,-0.08163429367507188,1.4929797000538751,24.506273266948437,112.99207070668926,0.01,0.1,0.001,0.0001,0.25,196.53
1776370262440167007,0.19190715765854088,-0.4952539708242133,-0.17467994245614843,0.3783420940381604,-0.538909011555115,-0.23006028102469706,1.4929797000538751,9.595504788007156,173.54936221909503,0.01,0.1,0.001,0.0001,0.25,196.53
1776370262541782961,0.17580633041126734,-0.4579678556624799,-0.1422279022549705,0.35554953849000265,-0.538909011555115,-0.23006028102469706,1.4929797000538751,11.138877004498173,122.23072879585665,0.01,0.1,0.001,0.0001,0.25,100.0
1776370262642208320,0.16375247849604624,-0.4220053044239598,-0.09783193052003415,0.3606666633682654,-0.538909011555115,-0.23006028102469706,1.4929797000538751,12.7660378355711,196.1560562809024,0.01,0.1,0.001,0.0001,0.25,28.0
1776370262740174675,0.15532081732820258,-0.3847235603277512,-0.07432674616692758,0.4005564930677829,-0.538909011555115,-0.23006028102469706,1.4929797000538751,14.452518075220532,225.21847100074447,0.01,0.1,0.001,0.0001,0.25,48.53
1776370262841224620,0.148973041882688,-0.3433075661211521,-0.05129125636700406,0.41903684476304587,-0.538909011555115,-0.23006028102469706,1.4929797000538751,16.289860166512035,207.87899190334022,0.01,0.1,0.001,0.0001,0.25,70.27
1776370262939581537,0.14638196538967602,-0.3036099547453347,-0.0013996684841881338,0.3882352922874214,-0.538909011555115,-0.23006028102469706,1.4929797000538751,18.170160588405707,184.37960123398946,0.01,0.1,0.001,0.0001,0.25,92.67
1776370263039856005,0.14450626971173283,-0.266896925723456,-0.03600887605319156,0.34396289818506665,-0.538909011555115,-0.23006028102469706,1.4929797000538751,20.18369321056566,170.55591216368552,0.01,0.1,0.001,0.0001,0.25,142.27
1776370263140238882,0.13923653320227897,-0.23063346979588878,-0.06898802507737808,0.3785685775061431,-0.538909011555115,-0.23006028102469706,1.4929797000538751,22.29938906189964,133.727064243929,0.01,0.1,0.001,0.0001,0.25,142.27
1776370263237102310,0.1357628445714136,-0.19263003822041838,-0.002738256913890416,0.4061433352420686,-0.538909011555115,-0.23006028102469706,1.4929797000538751,24.439123633740387,93.38598647931131,0.01,0.1,0.001,0.0001,0.25,169.07
1776370263340327605,0.13769106530820358,-0.15171924225272682,0.040098067327387986,0.3865146587605774,-0.538909011555115,-0.23006028102469706,1.4929797000538751,26.82537288341804,71.6837021666334,0.01,0.1,0.001,0.0001,0.25,197.33
1776370263438306589,0.14293321959691163,-0.11634666280598138,0.06689184704142251,0.3354231243686452,-0.538909011555115,-0.23006028102469706,1.4929797000538751,29.188808215403366,46.72213687807352,0.01,0.1,0.001,0.0001,0.25,225.87
1776370263540059767,-0.19504208573886944,-0.2695140769644975,0.902684739504868,0.22501002690599017,-0.8851354700084604,-0.4193034152118582,1.4929797000538751,9.457490672311593,57.14661952136198,0.01,0.1,0.001,0.0001,0.25,257.73
1776370263639873894,-0.10381579424095214,-0.24747004372380732,0.9253557359127305,0.21671992115785918,-0.8851354700084604,-0.4193034152118582,1.4929797000538751,10.94231252108292,145.50874862450908,0.01,0.1,0.001,0.0001,0.25,100.0
1776370263737813914,-0.013994524291911198,-0.22868547776084744,0.9090173763284847,0.16690750636709556,-0.8851354700084604,-0.4193034152118582,1.4929797000538751,12.500124935777471,165.07137732602132,0.01,0.1,0.001,0.0001,0.25,26.13
1776370263839519147,0.07807772065205311,-0.2146256722841422,0.9012587316071973,0.10952900229187176,-0.8851354700084604,-0.4193034152118582,1.4929797000538751,14.223282011796162,151.77558169150956,0.01,0.1,0.001,0.0001,0.25,45.87
1776370263942212785,0.17007136847499865,-0.20618516407197932,0.8904260387772301,0.05485984819857396,-0.8851354700084604,-0.4193034152118582,1.4929797000538751,16.068515047413616,162.62594475344602,0.01,0.1,0.001,0.0001,0.25,89.6
1776370264040363938,0.25778609088429993,-0.2030292514981397,0.8967999425747467,0.009443256136890198,-0.8851354700084604,-0.4193034152118582,1.4929797000538751,17.930283213210934,195.42068637020452,0.01,0.1,0.001,0.0001,0.25,89.6
1776370264139517293,0.3451031067739324,-0.20472876902430567,0.8644591556344666,-0.043723982236249265,-0.8851354700084604,-0.4193034152118582,1.4929797000538751,19.910809878183162,173.4433136076344,0.01,0.1,0.001,0.0001,0.25,114.27
1776370264240968095,0.42799196088314495,-0.20774317022563993,0.7696373677581443,-0.015702855981596986,-0.8851354700084604,-0.4193034152118582,1.4929797000538751,22.039887466600266,152.63601803698353,0.01,0.1,0.001,0.0001,0.25,139.07
1776370264339453642,0.5022894656105601,-0.20831123975098778,0.7391823600504731,0.004166607089304865,-0.8851354700084604,-0.4193034152118582,1.4929797000538751,24.20004820668943,264.4542872408545,0.01,0.1,0.001,0.0001,0.25,193.87
1776370264438700129,-0.63345513300172,-0.5204985037108503,-0.8639621951111138,-0.301595410276058,-1.3472725269625019,-0.5881379767712238,1.4929797000538751,9.31068446164557,66.32281777517609,0.01,0.1,0.001,0.0001,0.25,222.67
1776370264540356582,-0.7152451942828564,-0.5529947767582043,-0.7448765344201745,-0.33761749438604893,-1.3472725269625019,-0.5881379767712238,1.4929797000538751,10.815199026107605,144.71920741201956,0.01,0.1,0.001,0.0001,0.25,222.67
1776370264642941051,-0.790977813288509,-0.593713244080694,-0.7317818823923999,-0.4563239839480664,-1.3472725269625019,-0.5881379767712238,1.4929797000538751,12.435415932484823,109.98976129865474,0.01,0.1,0.001,0.0001,0.25,24.13
1776370264741180113,-0.8637445291015702,-0.6432384837867763,-0.7498024637856067,-0.5520466573455243,-1.3472725269625019,-0.5881379767712238,1.4929797000538751,14.077641318525192,91.53329847007463,0.01,0.1,0.001,0.0001,0.25,44.27
1776370264839253635,-0.9377609274126301,-0.6995952783789889,-0.7596591685630627,-0.5972718869261532,-1.3472725269625019,-0.5881379767712238,1.4929797000538751,15.806777552345965,90.55492656943561,0.01,0.1,0.001,0.0001,0.25,65.87
1776370264949271527,-1.0203824122430305,-0.7643033281869072,-0.742198157307878,-0.5789628278860124,-1.3472725269625019,-0.5881379767712238,1.4929797000538751,17.85553395192876,135.3846169400994,0.01,0.1,0.001,0.0001,0.25,110.8
1776370265040091628,-1.0868893955694878,-0.8157762496968101,-0.7224118342530536,-0.5545685904341616,-1.3472725269625019,-0.5881379767712238,1.4929797000538751,19.633084977651816,157.09265322657913,0.01,0.1,0.001,0.0001,0.25,110.8
1776370265142333461,-1.1625507955528422,-0.8723549545159502,-0.7574866610500379,-0.5520820946769254,-1.3472725269625019,-0.5881379767712238,1.4929797000538751,21.72987896194741,197.02332129924292,0.01,0.1,0.001,0.0001,0.25,161.73
1776370265241640244,-1.2402428952489506,-0.9292993145726838,-0.8072598006039613,-0.5947975270407573,-1.3472725269625019,-0.5881379767712238,1.4929797000538751,23.865144171661488,238.56992418964134,0.01,0.1,0.001,0.0001,0.25,189.73
1776370265341182513,-1.3203815379161654,-0.99233375747345,-0.8029098500816567,-0.6717094105444468,-1.3472725269625019,-0.5881379767712238,1.4929797000538751,26.102111970210924,211.96504801725035,0.01,0.1,0.001,0.0001,0.25,218.27
1776370265441733539,-1.4008748115878982,-1.0619128777837048,-0.7983741024587399,-0.7124550506882354,-1.3472725269625019,-0.5881379767712238,1.4929797000538751,28.45483549242409,184.6130449298235,0.01,0.1,0.001,0.0001,0.25,248.0
1776370265539951025,-2.2627861338247817,-1.0729775394917955,-2.6175873550696838,-0.2277428916430278,-1.7567229489345129,-0.8330408562144944,1.4929797000538751,8.98614314589105,92.75283669483642,0.01,0.1,0.001,0.0001,0.25,248.0
1776370265638208716,-2.5168282023901227,-1.092078438200689,-2.553220014625211,-0.16103944023417383,-1.7567229489345129,-0.8330408562144944,1.4929797000538751,10.327218405660101,89.42427761369044,0.01,0.1,0.001,0.0001,0.25,279.33
1776370265747807934,-2.798924424603996,-1.1115251114245248,-2.5948477180252265,-0.1938493638247687,-1.7567229489345129,-0.8330408562144944,1.4929797000538751,11.924009797372484,322.7067972226415,0.01,0.1,0.001,0.0001,0.25,37.73
1776370265838645258,-3.0345215539697716,-1.1308959180561298,-2.5923513377207708,-0.23264237713570596,-1.7567229489345129,-0.8330408562144944,1.4929797000538751,13.329700002654386,42.867577160158035,0.01,0.1,0.001,0.0001,0.25,58.93
1776370265941223411,-3.2962455219999782,-1.1580316146025118,-2.5103790452782904,-0.2964117414961988,-1.7567229489345129,-0.8330408562144944,1.4929797000538751,15.008142105324339,127.94659482248487,0.01,0.1,0.001,0.0001,0.25,58.93
1776370266039184930,-3.5405984148326644,-1.1889994404880142,-2.4784112711540836,-0.33583774042150655,-1.7567229489345129,-0.8330408562144944,1.4929797000538751,16.707274618025153,188.35073686305768,0.01,0.1,0.001,0.0001,0.25,77.73
1776370266137757255,-3.7836670018273946,-1.2222086766652374,-2.4533628762740762,-0.337965709294584,-1.7567229489345129,-0.8330408562144944,1.4929797000538751,18.51841157606976,186.4313149806711,0.01,0.1,0.001,0.0001,0.25,100.13
1776370266239559395,-4.039289169796106,-1.2536653033580465,-2.5685031939748204,-0.2800204674459243,-1.7567229489345129,-0.8330408562144944,1.4929797000538751,20.49472925559697,163.21610555928777,0.01,0.1,0.001,0.0001,0.25,122.8
1776370266342454960,-4.307786126365672,-1.2823408314393954,-2.650337402848566,-0.2773527407957069,-1.7567229489345129,-0.8330408562144944,1.4929797000538751,22.595285893233783,217.62033373169245,0.01,0.1,0.001,0.0001,0.25,146.93
1776370266441203603,-3.6178759681996957,-1.2965944211299747,-3.6252421751275796,-1.0047344289379512,-2.2143440075775613,-0.9888881435643788,1.4929797000538751,9.210912870571187,148.18474021311204,0.01,0.1,0.001,0.0001,0.25,201.33
1776370266543482899,-3.9928098384142334,-1.4003440253785135,-3.7054497838735543,-1.023773662846668,-2.2143440075775613,-0.9888881435643788,1.4929797000538751,10.649629655193374,232.6957661814512,0.01,0.1,0.001,0.0001,0.25,201.33
1776370266641488956,-4.354650776138401,-1.498087464570202,-3.678715785573751,-0.9708976500737797,-2.2143440075775613,-0.9888881435643788,1.4929797000538751,12.126926286082039,297.663608758673,0.01,0.1,0.001,0.0001,0.25,100.0
1776370266742353653,-4.721960846572241,-1.5927514487764822,-3.606175685090286,-0.9065810978104795,-2.2143440075775613,-0.9888881435643788,1.4929797000538751,13.74018854482208,247.96811550489917,0.01,0.1,0.001,0.0001,0.25,61.73
1776370266849038116,-5.105327375710133,-1.6883700621858229,-3.579989202473063,-0.8857796589433914,-2.2143440075775613,-0.9888881435643788,1.4929797000538751,15.540557685507489,24.049462625270856,0.01,0.1,0.001,0.0001,0.25,83.2
1776370266941451041,-5.4361647937750694,-1.769491364549283,-3.582291687124414,-0.8704109105980133,-2.2143440075775613,-0.9888881435643788,1.4929797000538751,17.18220331516428,17.634669160208848,0.01,0.1,0.001,0.0001,0.25,107.2
1776370267038675269,-5.784729329353278,-1.8546842750505428,-3.5856743208844457,-0.8815168510240678,-2.2143440075775613,-0.9888881435643788,1.4929797000538751,18.99916309377619,322.7897516804056,0.01,0.1,0.001,0.0001,0.25,107.2
1776370267141107696,-6.1527461813694115,-1.9456181082833974,-3.600241780418566,-0.8940618834859682,-2.2143440075775613,-0.9888881435643788,1.4929797000538751,21.0111070728896,338.06564524241355,0.01,0.1,0.001,0.0001,0.25,153.33
1776370267241413309,-6.513237067130964,-2.03352483417205,-3.589982430034511,-0.859294702523075,-2.2143440075775613,-0.9888881435643788,1.4929797000538751,23.07717261491858,6.6374919856319226,0.01,0.1,0.001,0.0001,0.25,180.13
1776370267341675681,-6.869275013142947,-2.1212191768857838,-3.5097165820286857,-0.8894049664365731,-2.2143440075775613,-0.9888881435643788,1.4929797000538751,25.242979299605878,12.141371347715564,0.01,0.1,0.001,0.0001,0.25,180.13
1776370267440320711,-7.212126418532779,-2.213383996098502,-3.4413848830446483,-0.9791800817399401,-2.2143440075775613,-0.9888881435643788,1.4929797000538751,27.468990171180614,348.5636641052945,0.01,0.1,0.001,0.0001,0.25,207.73
1776370267542802935,-4.217257850396788,-1.3199175236020495,-1.957719994440576,0.23566362625403317,-2.60271977504335,-1.2282250487984274,1.4929797000538751,9.3504663862825,293.3763386717975,0.01,0.1,0.001,0.0001,0.25,207.73
1776370267649792514,-4.427267855371227,-1.2952201280273319,-1.9691195695495198,0.2261368012166466,-2.60271977504335,-1.2282250487984274,1.4929797000538751,10.652028053277112,235.57699789059848,0.01,0.1,0.001,0.0001,0.25,100.0
1776370267742017804,-4.609275750042067,-1.2731645417236988,-1.9774723621177348,0.2521083821119567,-2.60271977504335,-1.2282250487984274,1.4929797000538751,11.872502258667218,64.03342144810448,0.01,0.1,0.001,0.0001,0.25,42.0
1776370267842249713,-4.804101476269836,-1.2485751125430338,-1.909804088824759,0.23851424174198038,-2.60271977504335,-1.2282250487984274,1.4929797000538751,13.293849099551332,180.1017617078075,0.01,0.1,0.001,0.0001,0.25,42.0
1776370267939920300,-4.991266463982153,-1.22787794806362,-1.9231668318907178,0.18534510588769582,-2.60271977504335,-1.2282250487984274,1.4929797000538751,14.776771640929562,68.55653741078898,0.01,0.1,0.001,0.0001,0.25,58.27
1776370268071537964,-5.242367590318518,-1.2095523690770527,-1.8925264704148121,0.093127515960472,-2.60271977504335,-1.2282250487984274,1.4929797000538751,16.92611137338703,76.08361940238598,0.01,0.1,0.001,0.0001,0.25,77.2
1776370268151991350,-5.394113028404684,-1.203721655105785,-1.87900772562044,0.05179108856093605,-2.60271977504335,-1.2282250487984274,1.4929797000538751,18.325360502634652,61.721757671879736,0.01,0.1,0.001,0.0001,0.25,125.73
1776370268242977508,-5.562754908888449,-1.1991932163652874,-1.8276677971361461,0.04774203445426331,-2.60271977504335,-1.2282250487984274,1.4929797000538751,19.98714139984964,47.47679672693737,0.01,0.1,0.001,0.0001,0.25,144.4
1776370268344589643,-5.745241015076857,-1.1911714813187497,-1.7646993472026093,0.11017145289923663,-2.60271977504335,-1.2282250487984274,1.4929797000538751,21.94293472620556,66.46086773001721,0.01,0.1,0.001,0.0001,0.25,144.4
1776370268444711345,-4.083826933983806,-0.853337789222716,-0.5150135328962017,1.0133331893821993,-3.1085114729244845,-1.4452980556136432,1.4929797000538751,8.358504695059494,107.04642867428906,0.01,0.1,0.001,0.0001,0.25,166.53
1776370268546060679,-4.135951681134288,-0.7502049788386516,-0.5134506695092543,1.0215621218078044,-3.1085114729244845,-1.4452980556136432,1.4929797000538751,9.446019945189605,181.9372484767592,0.01,0.1,0.001,0.0001,0.25,100.0
1776370268644919230,-4.182705638751497,-0.6467400664835283,-0.43249233554622923,1.0717774605291324,-3.1085114729244845,-1.4452980556136432,1.4929797000538751,10.622003719760032,243.82379460856808,0.01,0.1,0.001,0.0001,0.25,11.47
1776370268746151210,-4.226390586892773,-0.5343089459684498,-0.4306044499380026,1.1495583275124308,-3.1085114729244845,-1.4452980556136432,1.4929797000538751,11.939822549516434,279.0253806188109,0.01,0.1,0.001,0.0001,0.25,26.0
1776370268848382930,-4.274865902682458,-0.4148843638662013,-0.5177803129310574,1.1868979107340523,-3.1085114729244845,-1.4452980556136432,1.4929797000538751,13.388364865119621,335.5588805592683,0.01,0.1,0.001,0.0001,0.25,59.2
1776370268947049644,-4.328255205828361,-0.2981542692677529,-0.5643596220116623,1.1790872123423433,-3.1085114729244845,-1.4452980556136432,1.4929797000538751,14.898113591500445,10.73953575637115,0.01,0.1,0.001,0.0001,0.25,59.2
1776370269045284055,-4.383471310158212,-0.1832544491100857,-0.5598740596215147,1.1603434556233145,-3.1085114729244845,-1.4452980556136432,1.4929797000538751,16.506508922646773,27.450559824986026,0.01,0.1,0.001,0.0001,0.25,59.2
1776370269148365899,-4.438331580598081,-0.06432908460857172,-0.5045025060237671,1.1469979049151247,-3.1085114729244845,-1.4452980556136432,1.4929797000538751,18.304121068299736,37.350735998935455,0.01,0.1,0.001,0.0001,0.25,59.2
1776370269251516041,-4.487313966622229,0.05317996685250105,-0.44529576182572633,1.1315741001183433,-3.1085114729244845,-1.4452980556136432,1.4929797000538751,20.208707378605176,45.671478946891284,0.01,0.1,0.001,0.0001,0.25,98.67
1776370269349206294,-4.530273853953166,0.16192556081173362,-0.4341738112198941,1.094652434257258,-3.1085114729244845,-1.4452980556136432,1.4929797000538751,22.10571413246556,94.54101625235944,0.01,0.1,0.001,0.0001,0.25,144.0
1776370269451472680,-4.575586681087002,0.273924578760066,-0.4519381457821632,1.0955368621064319,-3.1085114729244845,-1.4452980556136432,1.4929797000538751,24.19049901337071,140.2077214457965,0.01,0.1,0.001,0.0001,0.25,169.47
1776370269548604034,-3.6787095120259545,-0.38739501551351124,-0.000826190251974732,1.7034180565905503,-3.572153861793174,-1.7273074326852926,1.4929797000538751,8.452090543111572,47.00695718506612,0.01,0.1,0.001,0.0001,0.25,194.8
1776370269646933001,-3.682344990832215,-0.22211598059787005,-0.07312143024618409,1.658447601709349,-3.572153861793174,-1.7273074326852926,1.4929797000538751,9.648379936675891,357.26224067232334,0.01,0.1,0.001,0.0001,0.25,100.0
1776370269749810009,-3.6922631215778376,-0.05372304323160634,-0.11969859427170523,1.6153074176961657,-3.572153861793174,-1.7273074326852926,1.4929797000538751,11.028107934588975,35.273227716310956,0.01,0.1,0.001,0.0001,0.25,12.67
1776370269849030547,-3.706583631152628,0.10531037793895578,-0.16900281533414413,1.5908056487834485,-3.572153861793174,-1.7273074326852926,1.4929797000538751,12.477838651111593,46.1228051209134,0.01,0.1,0.001,0.0001,0.25,28.67
1776370269959403163,-3.72805229961152,0.2802615958324969,-0.22003227908337522,1.579496398686308,-3.572153861793174,-1.7273074326852926,1.4929797000538751,14.222976818897372,43.182512456463996,0.01,0.1,0.001,0.0001,0.25,66.4
1776370270057435236,-3.7527285075263808,0.433464729317383,-0.2835432518469688,1.5469705832352376,-3.572153861793174,-1.7273074326852926,1.4929797000538751,15.886176372291859,35.75793542801401,0.01,0.1,0.001,0.0001,0.25,66.4
1776370270147245947,-3.7789471128216148,0.5702678045635645,-0.3000277625181536,1.49797816559065,-3.572153861793174,-1.7273074326852926,1.4929797000538751,17.50472044154167,344.9506234549522,0.01,0.1,0.001,0.0001,0.25,89.6
1776370270250042582,-3.811157728766602,0.724624752086782,-0.32673046783117154,1.5055188006582079,-3.572153861793174,-1.7273074326852926,1.4929797000538751,19.465721652600305,14.216708870782659,0.01,0.1,0.001,0.0001,0.25,89.6
1776370270356059846,-3.848474549700944,0.8836216748050246,-0.37715460680981266,1.493545910993684,-3.572153861793174,-1.7273074326852926,1.4929797000538751,21.608561751324505,58.72753920623158,0.01,0.1,0.001,0.0001,0.25,133.33
1776370270450860864,-4.018660054457371,-1.0287305224583425,-0.4201214965096158,-0.4800185305315457,-4.061386902195555,-1.955512388709925,1.4929797000538751,8.901925432623786,235.447643247465,0.01,0.1,0.001,0.0001,0.25,188.13
1776370270549075255,-4.060355575865295,-1.079175168526309,-0.4289085694371636,-0.5471666378402202,-4.061386902195555,-1.955512388709925,1.4929797000538751,10.155582127890074,101.35191046539532,0.01,0.1,0.001,0.0001,0.25,100.0
1776370270657210147,-4.106812436857582,-1.1406868762216806,-0.4303827217172307,-0.5905872611036571,-4.061386902195555,-1.955512388709925,1.4929797000538751,11.667030359267251,50.85637930621555,0.01,0.1,0.001,0.0001,0.25,35.47
1776370270749440881,-4.146248243330314,-1.1966403107186956,-0.42468274258015787,-0.6226210824433442,-4.061386902195555,-1.955512388709925,1.4929797000538751,13.056317042568315,48.16552467204811,0.01,0.1,0.001,0.0001,0.25,35.47
1776370270847515825,-4.189455550724291,-1.259154060479172,-0.45651541803352297,-0.6523253241840473,-4.061386902195555,-1.955512388709925,1.4929797000538751,14.635088715187901,14.903924153010369,0.01,0.1,0.001,0.0001,0.25,74.13
1776370270946376689,-4.235213953702856,-1.3255428461097356,-0.4692329642540482,-0.6908008974264361,-4.061386902195555,-1.955512388709925,1.4929797000538751,16.333113682583594,297.3548350621755,0.01,0.1,0.001,0.0001,0.25,74.13
1776370271048793558,-4.282799133339813,-1.3993909956472343,-0.45998209094443987,-0.7512617967217087,-4.061386902195555,-1.955512388709925,1.4929797000538751,18.20218502415525,311.1723912098086,0.01,0.1,0.001,0.0001,0.25,95.2
1776370271150406877,-4.327881123560639,-1.4788850178801551,-0.42732617652833244,-0.8133475471965405,-4.061386902195555,-1.955512388709925,1.4929797000538751,20.16736699397777,280.092369367425,0.01,0.1,0.001,0.0001,0.25,117.73
1776370271249499096,-4.367592435481674,-1.5602530011722682,-0.3748873165807791,-0.8303779039748165,-4.061386902195555,-1.955512388709925,1.4929797000538751,22.191124432921917,291.78648354104126,0.01,0.1,0.001,0.0001,0.25,142.67
1776370271347751394,-4.402725873168203,-1.6421269496856066,-0.33961394965938546,-0.8346752117154017,-4.061386902195555,-1.955512388709925,1.4929797000538751,24.308317571568516,322.6947918587791,0.01,0.1,0.001,0.0001,0.25,142.67
1776370271451226411,-4.435396955956291,-1.7302436997817103,-0.291931679166413,-0.8686582440652376,-4.061386902195555,-1.955512388709925,1.4929797000538751,26.64701036880517,316.8022132739444,0.01,0.1,0.001,0.0001,0.25,142.67
1776370271548535675,-4.623302089285193,-2.5071988907575578,-0.793158210182391,-1.776001587031404,-4.552125274512585,-2.2412324149907312,1.4929797000538751,10.409798942955453,346.35297423439187,0.01,0.1,0.001,0.0001,0.25,142.67
1776370271649746412,-4.704499354056705,-2.6871099100830502,-0.8110793635444922,-1.7785518568762586,-4.552125274512585,-2.2412324149907312,1.4929797000538751,11.879243274975929,66.06403698435584,0.01,0.1,0.001,0.0001,0.25,224.13
1776370271757068734,-4.790608468998839,-2.8786785244235022,-0.794069912485087,-1.792454799332042,-4.552125274512585,-2.2412324149907312,1.4929797000538751,13.573906099108418,60.6626798746482,0.01,0.1,0.001,0.0001,0.25,255.33
1776370271851460652,-4.8669202006733565,-3.0461134073343854,-0.8225395942027766,-1.75453355390548,-4.552125274512585,-2.2412324149907312,1.4929797000538751,15.177514315164725,272.3300361681137,0.01,0.1,0.001,0.0001,0.25,100.0
1776370271949998899,-4.949363524383435,-3.2190262676901993,-0.8506606834000503,-1.7547602606654291,-4.552125274512585,-2.2412324149907312,1.4929797000538751,16.9576207490323,275.64818498216886,0.01,0.1,0.001,0.0001,0.25,38.8
1776370272053108576,-5.036971876326569,-3.398332932931737,-0.8488051220855768,-1.7235102411178909,-4.552125274512585,-2.2412324149907312,1.4929797000538751,18.933710318243712,337.03743742433863,0.01,0.1,0.001,0.0001,0.25,80.93
1776370272150653991,-5.118205525299257,-3.5646171169207945,-0.8166181671965944,-1.6855887733528971,-4.552125274512585,-2.2412324149907312,1.4929797000538751,20.910116466880446,327.4301966577219,0.01,0.1,0.001,0.0001,0.25,102.4
1776370272258484933,-5.206646305692355,-3.7501803879139546,-0.8238063208548064,-1.756291007299208,-4.552125274512585,-2.2412324149907312,1.4929797000538751,23.21544664915928,260.13757247333706,0.01,0.1,0.001,0.0001,0.25,152.4
1776370272350995133,-5.285554393577495,-3.915260642045113,-0.8821427783691612,-1.8126525367978514,-4.552125274512585,-2.2412324149907312,1.4929797000538751,25.29306652097857,236.3833796090257,0.01,0.1,0.001,0.0001,0.25,178.8
1776370272449449341,-5.37444854127443,-4.093217874359615,-0.924207845948132,-1.8034815510051316,-4.552125274512585,-2.2412324149907312,1.4929797000538751,27.600068268503364,247.62064820084288,0.01,0.1,0.001,0.0001,0.25,209.6
1776370272551792486,-5.093155143950696,-3.138393796577017,-0.6633611138276659,-1.5028883344384947,-4.908889060219042,-2.402645676549838,1.4929797000538751,11.604389084731022,312.94861262664267,0.01,0.1,0.001,0.0001,0.25,237.2
1776370272650756111,-5.161725497923738,-3.289260125277847,-0.7224961608505146,-1.5462311030407554,-4.908889060219042,-2.402645676549838,1.4929797000538751,13.037566489298907,22.718442050462475,0.01,0.1,0.001,0.0001,0.25,268.0
1776370272752618747,-5.238283673021903,-3.4497355191418735,-0.7808309102346745,-1.604928175893425,-4.908889060219042,-2.402645676549838,1.4929797000538751,14.633837991595115,49.36087127365756,0.01,0.1,0.001,0.0001,0.25,100.0
1776370272850467038,-5.315059037557802,-3.6052716584934785,-0.7884372388176626,-1.5741893833193619,-4.908889060219042,-2.402645676549838,1.4929797000538751,16.282191329654715,48.92589753070726,0.01,0.1,0.001,0.0001,0.25,54.67
1776370272949094231,-5.391981879063702,-3.7586510400282136,-0.771269314124813,-1.5357688785272285,-4.908889060219042,-2.402645676549838,1.4929797000538751,18.053529461975117,15.548412488222963,0.01,0.1,0.001,0.0001,0.25,95.07
1776370273051428042,-5.469589782959935,-3.9142203637054043,-0.7456581833481305,-1.5049959534250827,-4.908889060219042,-2.402645676549838,1.4929797000538751,20.00476710966113,18.718273477662844,0.01,0.1,0.001,0.0001,0.25,117.07
1776370273150442018,-5.5397797910946736,-4.062098354937775,-0.67201450199525,-1.4817908343915758,-4.908889060219042,-2.402645676549838,1.4929797000538751,22.002206136572273,25.921726180498087,0.01,0.1,0.001,0.0001,0.25,140.67
1776370273247979451,-5.602774137959347,-4.208684971477284,-0.6196160780007463,-1.5238083338530424,-4.908889060219042,-2.402645676549838,1.4929797000538751,24.074626792646335,358.20657887100305,0.01,0.1,0.001,0.0001,0.25,166.67
1776370273352844601,-5.665784087733157,-4.368747569537284,-0.582147797959387,-1.5290023560673496,-4.908889060219042,-2.402645676549838,1.4929797000538751,26.41506364077274,293.22722160892545,0.01,0.1,0.001,0.0001,0.25,220.93
1776370273448138663,-5.722210136833231,-4.509664592690991,-0.6021661427290951,-1.4286740657794148,-4.908889060219042,-2.402645676549838,1.4929797000538751,28.640616016452125,23.90896572667091,0.01,0.1,0.001,0.0001,0.25,220.93
1776370273552210040,-5.3893604382007,-3.3196555377552293,-0.40045305165547246,-0.7364581488135087,-5.294254163855534,-2.703208301249218,1.4929797000538751,12.014270737002976,72.53974622285531,0.01,0.1,0.001,0.0001,0.25,220.93
1776370273652200348,-5.433792235656999,-3.3946464996919783,-0.48834936127443457,-0.7636420436865229,-5.294254163855534,-2.703208301249218,1.4929797000538751,13.411354139758789,345.9411452181943,0.01,0.1,0.001,0.0001,0.25,252.27
1776370273754484510,-5.484737505710587,-3.4734540323877305,-0.5078800648458623,-0.7774310135151092,-5.294254163855534,-2.703208301249218,1.4929797000538751,14.96936672034458,337.0076608717196,0.01,0.1,0.001,0.0001,0.25,281.87
1776370273854273722,-5.53822650841658,-3.550851441240763,-0.5641217237007724,-0.7737319643287444,-5.294254163855534,-2.703208301249218,1.4929797000538751,16.60872543063421,71.98912432349375,0.01,0.1,0.001,0.0001,0.25,60.13
1776370273954308975,-5.596591954634013,-3.6245012311440266,-0.6026708599258499,-0.6986122772393079,-5.294254163855534,-2.703208301249218,1.4929797000538751,18.366759880378673,356.1735099773682,0.01,0.1,0.001,0.0001,0.25,99.6
1776370274061288142,-5.660080686497193,-3.696490780942634,-0.5843762670234685,-0.6473744160052447,-5.294254163855534,-2.703208301249218,1.4929797000538751,20.37076836199368,309.23927828230603,0.01,0.1,0.001,0.0001,0.25,121.47
1776370274153939769,-5.714188165674849,-3.7574995818298307,-0.5836549996287278,-0.6696373550149626,-5.294254163855534,-2.703208301249218,1.4929797000538751,22.211405531962725,297.59368486098515,0.01,0.1,0.001,0.0001,0.25,144.93
1776370274256606492,-5.770412507112408,-3.8256343744594634,-0.5115036662277961,-0.6575175157548038,-5.294254163855534,-2.703208301249218,1.4929797000538751,24.360504276571785,33.383182958464495,0.01,0.1,0.001,0.0001,0.25,171.6
1776370274354004552,-5.821037519647348,-3.890182176445052,-0.5281333884019863,-0.6680384372992141,-5.294254163855534,-2.703208301249218,1.4929797000538751,26.500323336946565,182.80499311492713,0.01,0.1,0.001,0.0001,0.25,196.13
1776370274456539514,-6.050686674661445,-2.8283803512767713,-0.6968065683786435,0.45268179804128705,-5.774455208919452,-2.9239919580645632,1.4929797000538751,12.00979141479054,316.31912381082026,0.01,0.1,0.001,0.0001,0.25,253.33
1776370274555421673,-6.123088188330181,-2.7842645043907783,-0.7675851486354375,0.43960452990057947,-5.774455208919452,-2.9239919580645632,1.4929797000538751,13.298171670991007,1.488888885366548,0.01,0.1,0.001,0.0001,0.25,100.0
1776370274657476237,-6.202306416128958,-2.7401568302816104,-0.7849449180504129,0.4248239246213698,-5.774455208919452,-2.9239919580645632,1.4929797000538751,14.759812098844106,67.091690889165,0.01,0.1,0.001,0.0001,0.25,60.13
1776370274794337355,-6.308834991401188,-2.678956188044538,-0.7721269395950672,0.4697135030467911,-5.774455208919452,-2.9239919580645632,1.4929797000538751,16.918284834410898,229.4950622348593,0.01,0.1,0.001,0.0001,0.25,77.33
1776370274858165290,-6.3580386376250395,-2.648676470998283,-0.7691200370901394,0.47876340738594564,-5.774455208919452,-2.9239919580645632,1.4929797000538751,17.999004476727965,219.4432632330174,0.01,0.1,0.001,0.0001,0.25,96.8
1776370274957239137,-6.434242714990601,-2.601472944819688,-0.7690466254028822,0.4740319394001053,-5.774455208919452,-2.9239919580645632,1.4929797000538751,19.76596296751991,181.62993859934923,0.01,0.1,0.001,0.0001,0.25,140.0
1776370275058183590,-6.5118748423709985,-2.5541917743303553,-0.7690321770214614,0.46272154832947443,-5.774455208919452,-2.9239919580645632,1.4929797000538751,21.67631563301471,232.73916891792078,0.01,0.1,0.001,0.0001,0.25,140.0
1776370275156606630,-6.587425089436448,-2.5114887928103036,-0.7662720394750706,0.40507266984047563,-5.774455208919452,-2.9239919580645632,1.4929797000538751,23.647282171258958,236.4531178415616,0.01,0.1,0.001,0.0001,0.25,163.6
1776370275258675954,-6.6615810128300454,-2.4675083999980116,-0.68681951208087,0.4567268237812447,-5.774455208919452,-2.9239919580645632,1.4929797000538751,25.80133564699239,30.2624210432621,0.01,0.1,0.001,0.0001,0.25,189.07
1776370275356957324,-6.732345311451116,-2.4202516820608966,-0.7532044739946966,0.5049276921075139,-5.774455208919452,-2.9239919580645632,1.4929797000538751,27.977774413317224,102.53590218320893,0.01,0.1,0.001,0.0001,0.25,244.0
1776370275459798976,-6.80795663390679,-2.3685717766106062,-0.7172988404906675,0.5001528935612908,-5.774455208919452,-2.9239919580645632,1.4929797000538751,30.36204065576948,116.32097149115025,0.01,0.1,0.001,0.0001,0.25,244.0
1776370275557474836,-6.736818052935218,-2.464028492750551,-0.8030785977382291,0.323224925111203,-6.2591722522943645,-3.1466309398799734,1.4929797000538751,12.107155386165557,329.7816318098559,0.01,0.1,0.001,0.0001,0.25,273.07
1776370275667674297,-6.824075632309962,-2.435732749338649,-0.7794864163836629,0.18996663822486606,-6.2591722522943645,-3.1466309398799734,1.4929797000538751,13.457668923052246,102.15490909906238,0.01,0.1,0.001,0.0001,0.25,100.0
1776370275766579234,-6.905286397970084,-2.418981451319652,-0.8629577273928817,0.14881937257453498,-6.2591722522943645,-3.1466309398799734,1.4929797000538751,14.794193714520178,2.80338761543371,0.01,0.1,0.001,0.0001,0.25,79.47
1776370275857950969,-6.988400542436633,-2.4070694337330254,-0.9561564925656669,0.11189823114151987,-6.2591722522943645,-3.1466309398799734,1.4929797000538751,16.13759220576906,89.4287690761181,0.01,0.1,0.001,0.0001,0.25,79.47
1776370275959445968,-7.089319611193535,-2.394003095951261,-1.0325399292749773,0.14558511183056372,-6.2591722522943645,-3.1466309398799734,1.4929797000538751,17.746388301791264,293.41486529071807,0.01,0.1,0.001,0.0001,0.25,97.2
1776370276379237307,-7.5865574431877,-2.309110034346774,-1.3364853202313667,0.25887688504196593,-6.2591722522943645,-3.1466309398799734,1.4929797000538751,25.675803055740314,3.6018409571613637,0.01,0.1,0.001,0.0001,0.25,115.2
1776370276385668379,-7.595174403505956,-2.3074370781366733,-1.3401134107488137,0.2607764850046809,-6.2591722522943645,-3.1466309398799734,1.6348837417523416,25.812932257201954,340.8216416464415,0.01,0.1,0.001,0.0001,0.25,136.67
1776370276393450622,-7.605612679203214,-2.305400054851924,-1.3429279172928528,0.2628174320060603,-6.2591722522943645,-3.1466309398799734,1.8069180836403218,25.97924386057024,328.04691704549487,0.01,0.1,0.001,0.0001,0.25,136.67
1776370276396384413,-6.744014972055184,-2.946078711674675,-0.4068138146524284,-0.06300204069679939,-6.680665333434134,-3.28206965381109,1.8069180836403218,10.7411409140889,310.97762753170554,0.01,0.1,0.001,0.0001,0.25,136.67
1776370276460004566,-6.770376768457683,-2.9495126097470235,-0.4220158465517774,-0.04496164024734954,-6.680665333434134,-3.28206965381109,1.8069180836403218,11.40000157759977,273.3806843193416,0.01,0.1,0.001,0.0001,0.25,136.67
1776370276557757538,-6.8136484820466805,-2.9511796673504134,-0.4632455721061777,0.010856640547577158,-6.680665333434134,-3.28206965381109,1.8069180836403218,12.525179470414251,349.9116965559403,0.01,0.1,0.001,0.0001,0.25,242.4
1776370276662474369,-6.8611937156885325,-2.9502598132507094,-0.4448352097262723,0.006711930811710781,-6.680665333434134,-3.28206965381109,1.8069180836403218,13.87534030205026,243.64766151019285,0.01,0.1,0.001,0.0001,0.25,244.13
1776370276758981264,-6.903652884092096,-2.9499051867280106,-0.4352027284773837,0.0006383024971944864,-6.680665333434134,-3.28206965381109,1.8069180836403218,15.245895479666288,15.208894527478021,0.01,0.1,0.001,0.0001,0.25,100.0
1776370276863655076,-6.949497555064342,-2.9502861922796915,-0.4406917185822414,-0.007917679575027713,-6.680665333434134,-3.28206965381109,1.8069180836403218,16.861469427556276,245.85708946816771,0.01,0.1,0.001,0.0001,0.25,52.0
1776370276961861593,-6.990167192595263,-2.946851939228423,-0.3875314528938047,0.07785506103337309,-6.680665333434134,-3.28206965381109,1.8069180836403218,18.494083724015713,245.5231318178304,0.01,0.1,0.001,0.0001,0.25,67.07
1776370277058458360,-7.028189042138375,-2.9431038846521274,-0.39971033355524466,-0.00025165099920063105,-6.680665333434134,-3.28206965381109,1.8069180836403218,20.21193331849494,50.8245035450563,0.01,0.1,0.001,0.0001,0.25,85.07
1776370277160579498,-7.067325556563361,-2.9412459922656744,-0.36678008483795926,0.03663855804866391,-6.680665333434134,-3.28206965381109,1.8069180836403218,22.14795203922505,250.45270782015655,0.01,0.1,0.001,0.0001,0.25,124.8
1776370277264969156,-7.107190723271092,-2.93991328424824,-0.3970336160933555,-0.011103969155041991,-6.680665333434134,-3.28206965381109,1.8069180836403218,24.248523483564924,88.52762356534885,0.01,0.1,0.001,0.0001,0.25,146.53
1776370277362146340,-7.145081364150037,-2.9386050038445677,-0.38278839092738554,0.03802950608108866,-6.680665333434134,-3.28206965381109,1.8069180836403218,26.311112183999043,243.97789488328365,0.01,0.1,0.001,0.0001,0.25,195.33
1776370277458162875,-7.184196459714868,-2.935893997681767,-0.43191677254179317,0.018436435958340228,-6.680665333434134,-3.28206965381109,1.8069180836403218,28.453559214991664,20.86249387380221,0.01,0.1,0.001,0.0001,0.25,223.33
1776370277561270234,-6.848993063339925,-3.0030776228232705,-0.7779991175689063,0.5140613565954455,-6.960657165823041,-3.5473811066731287,1.8069180836403218,11.911117301940685,290.228011483929,0.01,0.1,0.001,0.0001,0.25,250.8
1776370277664557781,-6.930100517744338,-2.950979421869193,-0.7928865820043384,0.4949743658695453,-6.960657165823041,-3.5473811066731287,1.8069180836403218,13.14517063042195,337.2932383605972,0.01,0.1,0.001,0.0001,0.25,100.0
1776370277931209448,-7.170606025260619,-2.830359689613048,-1.010954697535613,0.40969868888768346,-6.960657165823041,-3.5473811066731287,1.8069180836403218,16.999248757912067,4.5882474996109845,0.01,0.1,0.001,0.0001,0.25,100.0
1776370277962593128,-7.202263938917959,-2.817651628536185,-1.0063881808505402,0.40009935368048294,-6.960657165823041,-3.5473811066731287,1.8069180836403218,17.512244937866623,144.17262807570734,0.01,0.1,0.001,0.0001,0.25,58.8
1776370277975320362,-7.215042664341854,-2.8125673237298447,-1.0013264897088074,0.39871531763229623,-6.960657165823041,-3.5473811066731287,2.037564912931366,17.72349543399364,177.72797174563,0.01,0.1,0.001,0.0001,0.25,75.33
1776370278060734884,-7.298880024232805,-2.780157752626582,-0.961623900096883,0.3601155939485898,-6.960657165823041,-3.5473811066731287,2.037564912931366,19.189902837005697,140.63784963693934,0.01,0.1,0.001,0.0001,0.25,126.67
1776370278163332697,-7.395311178118633,-2.7431863960101714,-0.918148131992749,0.3605822236698111,-6.960657165823041,-3.5473811066731287,2.037564912931366,21.064408023701795,174.63249375058317,0.01,0.1,0.001,0.0001,0.25,136.27
1776370278264230888,-7.489510172138359,-2.706965494169872,-0.9490596108677601,0.35738667900695475,-6.960657165823041,-3.5473811066731287,2.037564912931366,23.027966767533947,207.52267405174732,0.01,0.1,0.001,0.0001,0.25,180.8
1776370278359126755,-7.354451323033349,-3.000009151128399,-1.3459117537979413,0.3635431398700634,-6.971194493076152,-3.5844876035105346,2.037564912931366,11.846802257538984,359.67386438822746,0.01,0.1,0.001,0.0001,0.25,207.07
1776370278463757898,-7.493677964041928,-2.9662649007017685,-1.3155064676397867,0.2815026811280777,-6.971194493076152,-3.5844876035105346,2.037564912931366,13.072382632342746,86.69567695880674,0.01,0.1,0.001,0.0001,0.25,207.07
1776370278565785960,-7.62735078426482,-2.942410482560357,-1.3046589941291873,0.1860757122992647,-6.971194493076152,-3.5844876035105346,2.037564912931366,14.404680306331294,92.9709553797339,0.01,0.1,0.001,0.0001,0.25,58.0
1776370278662116926,-7.753860593263156,-2.9243967996055895,-1.322041614594927,0.1879391752204354,-6.971194493076152,-3.5844876035105346,2.037564912931366,15.781760636159131,324.83625735250274,0.01,0.1,0.001,0.0001,0.25,74.27
1776370278761469072,-7.884991902845154,-2.9053979359762647,-1.318013375270514,0.19456325601630683,-6.971194493076152,-3.5844876035105346,2.037564912931366,17.32013934799317,245.20878849224252,0.01,0.1,0.001,0.0001,0.25,110.4
1776370278859512826,-8.01364291417451,-2.891430877873957,-1.3059165763924776,0.09030494449429702,-6.971194493076152,-3.5844876035105346,2.037564912931366,18.956134171431874,112.69020033566282,0.01,0.1,0.001,0.0001,0.25,110.4
1776370278962991765,-8.148261686861195,-2.8834219023497365,-1.2961034206997946,0.0644989810974602,-6.971194493076152,-3.5844876035105346,2.037564912931366,20.80510777273599,297.60922395002274,0.01,0.1,0.001,0.0001,0.25,152.8
1776370279063251593,-8.27929700129667,-2.877995777620897,-1.3180951083334922,0.04375402951723571,-6.971194493076152,-3.5844876035105346,2.037564912931366,22.7127925677578,266.1891579793928,0.01,0.1,0.001,0.0001,0.25,177.47
1776370279158177349,-8.40646089432801,-2.8723777690238483,-1.3607178568157685,0.07459398507511812,-6.971194493076152,-3.5844876035105346,2.037564912931366,24.621563757653178,55.1275014858356,0.01,0.1,0.001,0.0001,0.25,177.47
1776370279316385844,-8.618437752901125,-2.861992590604707,-1.31920695061016,0.056700994303031674,-6.971194493076152,-3.5844876035105346,2.037564912931366,28.01998036705302,249.48209515820218,0.01,0.1,0.001,0.0001,0.25,202.8
1776370279359393313,-8.67500358628641,-2.8597251644302246,-1.3112699613500822,0.04874096322855802,-6.971194493076152,-3.5844876035105346,2.037564912931366,28.99078618192262,295.01358343840883,0.01,0.1,0.001,0.0001,0.25,228.27
1776370279461760917,-7.32061882215186,-2.84926095367462,-0.35324974227212574,0.28520829822878746,-6.626473365253932,-3.475023437998381,2.037564912931366,12.331119039500662,214.94053676620754,0.01,0.1,0.001,0.0001,0.25,273.6
1776370279560335606,-7.354518794291888,-2.8163757236409417,-0.3345176271833625,0.38197184164795456,-6.626473365253932,-3.475023437998381,2.037564912931366,13.495859302926625,179.98309977210903,0.01,0.1,0.001,0.0001,0.25,286.53
1776370279664165494,-7.387091963994783,-2.7739288618367537,-0.2929987020730218,0.43575941234938537,-6.626473365253932,-3.475023437998381,2.037564912931366,14.859344295655026,356.24620636252314,0.01,0.1,0.001,0.0001,0.25,100.0
1776370279760620535,-7.413395238419158,-2.732733936631204,-0.25245303006082565,0.4185008955486061,-6.626473365253932,-3.475023437998381,2.037564912931366,16.251626899851058,348.3543971744292,0.01,0.1,0.001,0.0001,0.25,80.0
1776370279860370540,-7.440989882134759,-2.6900602592570237,-0.3007790476093025,0.43704366008536905,-6.626473365253932,-3.475023437998381,2.037564912931366,17.815708414938836,296.74267997250206,0.01,0.1,0.001,0.0001,0.25,116.67
1776370279962423417,-7.473173550329138,-2.645459035380553,-0.3299392056762318,0.4370271837930711,-6.626473365253932,-3.475023437998381,2.037564912931366,19.543475339729692,253.43070604063504,0.01,0.1,0.001,0.0001,0.25,137.6
1776370280059973495,-7.505526307467135,-2.6021310070046964,-0.3333539437116213,0.45127993252485854,-6.626473365253932,-3.475023437998381,2.037564912931366,21.311472663286867,238.63034896185758,0.01,0.1,0.001,0.0001,0.25,137.6
1776370280161414083,-7.539417337432323,-2.555087337743332,-0.33514056886650495,0.47664804089658913,-6.626473365253932,-3.475023437998381,2.037564912931366,23.266331060129303,227.26301250789595,0.01,0.1,0.001,0.0001,0.25,160.53
1776370280260372981,-7.572496346054012,-2.507526800320223,-0.33314466975482515,0.484203158250925,-6.626473365253932,-3.475023437998381,2.037564912931366,25.288910024412363,210.40901650184247,0.01,0.1,0.001,0.0001,0.25,184.13
1776370280361898701,-6.684533414345294,-2.785974108721198,0.4711544800822353,0.3193217147113729,-6.501530773981821,-3.3377293990671992,2.037564912931366,11.798764813420137,156.76697415797162,0.01,0.1,0.001,0.0001,0.25,210.27
1776370280461018472,-6.6371931059361735,-2.753748864107231,0.4840412004178798,0.33089404206621886,-6.501530773981821,-3.3377293990671992,2.037564912931366,12.949076729868258,164.87333495323713,0.01,0.1,0.001,0.0001,0.25,100.0
1776370280559399934,-6.58867523180883,-2.720912979810404,0.5023946438508616,0.33670514341409874,-6.501530773981821,-3.3377293990671992,2.037564912931366,14.229052894249623,185.72374207271366,0.01,0.1,0.001,0.0001,0.25,72.67
1776370280661860447,-6.536532296781521,-2.685497058740077,0.5154505715964168,0.35462390803288085,-6.501530773981821,-3.3377293990671992,2.037564912931366,15.703163809914587,215.33262055809456,0.01,0.1,0.001,0.0001,0.25,72.67
1776370280759871533,-6.486160352541459,-2.6498974158629554,0.5123551154155717,0.3717628923320958,-6.501530773981821,-3.3377293990671992,2.037564912931366,17.242835009144873,212.34271204624275,0.01,0.1,0.001,0.0001,0.25,89.73
1776370281198993302,-6.273994892921745,-2.4877208046077737,0.45398580287195883,0.36689596253520174,-6.501530773981821,-3.3377293990671992,2.037564912931366,25.562006479522648,128.68423593477848,0.01,0.1,0.001,0.0001,0.25,109.33
1776370281263991439,-6.244749681801172,-2.464041539458407,0.44592520275934056,0.36174406079451693,-6.501530773981821,-3.3377293990671992,2.037564912931366,26.97867064101812,116.17589088682122,0.01,0.1,0.001,0.0001,0.25,129.87
1776370281276770730,-6.239054906214233,-2.4594199939296404,0.44483367189314327,0.3611435458394223,-6.501530773981821,-3.3377293990671992,2.332646403601137,27.262759861650963,113.0035879990118,0.01,0.1,0.001,0.0001,0.25,240.8
1776370281288846582,-6.233684876235439,-2.455060079120101,0.44447309148615805,0.36088254027037603,-6.501530773981821,-3.3377293990671992,2.61280118698148,27.53270429458932,111.32057013596403,0.01,0.1,0.001,0.0001,0.25,240.8
1776370281349926857,-6.206647822269559,-2.433188626990057,0.4408285731648058,0.35527658725503897,-6.501530773981821,-3.3377293990671992,2.61280118698148,28.92223007506955,115.60698482367796,0.01,0.1,0.001,0.0001,0.25,240.8
1776370281361628018,-6.201496474443316,-2.429037976661695,0.43994063578709086,0.35439496466833104,-6.501530773981821,-3.3377293990671992,2.8924985382556896,29.192950506805506,115.90492077516072,0.01,0.1,0.001,0.0001,0.25,259.73
1776370281460782290,-6.1818774076061,-3.0287230857972998,0.43191875070609637,-0.29579928645296766,-6.51357343314958,-3.2746483546018035,2.8924985382556896,11.866414275541267,134.43449600187648,0.01,0.1,0.001,0.0001,0.25,259.73
1776370281561978633,-6.136545836813744,-3.0584268156107335,0.46401906495155504,-0.2912682768537289,-6.51357343314958,-3.2746483546018035,2.8924985382556896,13.124524283535294,93.03241467631878,0.01,0.1,0.001,0.0001,0.25,267.07
1776370281661040421,-6.090853451743594,-3.0860144956503825,0.4584505540940501,-0.265690977023172,-6.51357343314958,-3.2746483546018035,2.8924985382556896,14.49269978299105,14.076529773701125,0.01,0.1,0.001,0.0001,0.25,289.2
1776370281759903502,-6.045884878559242,-3.1129304736271295,0.4513464462817172,-0.2788687964220344,-6.51357343314958,-3.2746483546018035,2.8924985382556896,15.987144547876401,323.9885125871574,0.01,0.1,0.001,0.0001,0.25,100.0
1776370281861662095,-6.00183640160806,-3.1418756445952054,0.41431939322817646,-0.2899782434791776,-6.51357343314958,-3.2746483546018035,2.8924985382556896,17.655923469237806,348.172430304486,0.01,0.1,0.001,0.0001,0.25,58.27
1776370281960096373,-5.955772413214293,-3.16540961799583,0.5216271816048748,-0.18819445855083933,-6.51357343314958,-3.2746483546018035,2.8924985382556896,19.387417771739464,48.45082307569837,0.01,0.1,0.001,0.0001,0.25,93.2
1776370282070949786,-5.903974364367162,-3.182149177483471,0.41291262878069657,-0.11382048405224716,-6.51357343314958,-3.2746483546018035,2.8924985382556896,21.47556230899578,5.11285625882606,0.01,0.1,0.001,0.0001,0.25,135.47
1776370282161913252,-5.871419208817272,-3.1916974943606937,0.30285095379931676,-0.09611055083949949,-6.51357343314958,-3.2746483546018035,2.8924985382556896,23.301308130063244,3.0781258962141225,0.01,0.1,0.001,0.0001,0.25,135.47
1776370282271322511,-5.840311443141016,-3.2062354957478343,0.26585197175313763,-0.16966886921261484,-6.51357343314958,-3.2746483546018035,2.8924985382556896,25.621418759578,349.76225576453595,0.01,0.1,0.001,0.0001,0.25,210.67
1776370282362032361,-6.17505457708577,-3.3509064024413657,0.12944497409460748,-0.10639588360696009,-6.507552102923938,-3.296912252229663,2.8924985382556896,11.799781522808994,298.66832857357304,0.01,0.1,0.001,0.0001,0.25,241.6
1776370282464636654,-6.1602414052987475,-3.3617861865928265,0.15928841328370477,-0.10566922825168099,-6.507552102923938,-3.296912252229663,2.8924985382556896,13.068970663087846,285.8150051452332,0.01,0.1,0.001,0.0001,0.25,241.6
1776370282562696628,-6.144621914363047,-3.3729483450305806,0.15927561268632082,-0.12198621487923222,-6.507552102923938,-3.296912252229663,2.8924985382556896,14.415615069541152,282.0085713404698,0.01,0.1,0.001,0.0001,0.25,57.33
1776370282671387338,-6.12346923905252,-3.3840776755272217,0.2299686183838657,-0.08281188407968171,-6.507552102923938,-3.296912252229663,2.8924985382556896,16.05062339749023,319.45123332398305,0.01,0.1,0.001,0.0001,0.25,92.27
1776370282763870922,-6.10168076183627,-3.3914960369946594,0.24119391068823737,-0.07760565753549213,-6.507552102923938,-3.296912252229663,2.8924985382556896,17.555316313502498,322.6997058979565,0.01,0.1,0.001,0.0001,0.25,92.27
1776370282866157320,-6.076483070337946,-3.400171684478305,0.2515287207809122,-0.0920403538114189,-6.507552102923938,-3.296912252229663,2.8924985382556896,19.338266393108317,252.83792457769204,0.01,0.1,0.001,0.0001,0.25,114.0
1776370282964542412,-6.052654681052725,-3.408053096907736,0.2328472097677028,-0.06817049526644188,-6.507552102923938,-3.296912252229663,2.8924985382556896,21.16730032538069,116.3452610389608,0.01,0.1,0.001,0.0001,0.25,134.13
1776370283062996170,-6.029221586520088,-3.415736760697489,0.24320844406134046,-0.08792718035804561,-6.507552102923938,-3.296912252229663,2.8924985382556896,23.10807981637833,86.05071474839721,0.01,0.1,0.001,0.0001,0.25,157.87
1776370283164269643,-6.004660753990028,-3.4229978267227135,0.2417816036139771,-0.055453332229924136,-6.507552102923938,-3.296912252229663,2.8924985382556896,25.216198759837933,108.04326292639475,0.01,0.1,0.001,0.0001,0.25,182.27
1776370283262630493,-5.981231071462081,-3.4290998584052303,0.23466872234911296,-0.06863349569462689,-6.507552102923938,-3.296912252229663,2.8924985382556896,27.37121881490264,116.25545979908144,0.01,0.1,0.001,0.0001,0.25,208.13
1776370283364349899,-5.95656396673815,-3.4361996383703683,0.25032767059878525,-0.0709600120296511,-6.507552102923938,-3.296912252229663,2.8924985382556896,29.71177965541202,97.8109844094083,0.01,0.1,0.001,0.0001,0.25,236.27
1776370283463162516,-6.207277463101039,-3.350097249145497,0.2475326248859971,-0.055956941021653696,-6.4849721165030685,-3.2727930296017385,2.8924985382556896,12.211532250745995,7.454742461280006,0.01,0.1,0.001,0.0001,0.25,264.93
1776370283563240673,-6.182784130426213,-3.355105867717901,0.24193824246717982,-0.04413449649006025,-6.4849721165030685,-3.2727930296017385,2.8924985382556896,13.465177527280122,14.191668760204124,0.01,0.1,0.001,0.0001,0.25,296.13
1776370283664018119,-6.156967091798634,-3.3592842205378406,0.27048975289453087,-0.03879929736297754,-6.4849721165030685,-3.2727930296017385,2.8924985382556896,14.862801129478116,17.209222653214482,0.01,0.1,0.001,0.0001,0.25,62.8
1776370283762898699,-6.129483492219581,-3.3618745781825425,0.2854483448519895,-0.013598442508638463,-6.4849721165030685,-3.2727930296017385,2.8924985382556896,16.35990762725669,356.87657578576153,0.01,0.1,0.001,0.0001,0.25,62.8
1776370283863670664,-6.099141883475744,-3.36401060626282,0.3166552993704034,-0.02878923383886834,-6.4849721165030685,-3.2727930296017385,2.8924985382556896,18.01070641939735,334.9738770546422,0.01,0.1,0.001,0.0001,0.25,118.13
1776370283970423470,-6.064910042697951,-3.3715991583237597,0.32470128586638164,-0.11338739838750228,-6.4849721165030685,-3.2727930296017385,2.8924985382556896,19.893277362969112,339.9445857135282,0.01,0.1,0.001,0.0001,0.25,140.13
1776370284060722646,-6.032921235306819,-3.380217642739176,0.38380836833916043,-0.07750059997643235,-6.4849721165030685,-3.2727930296017385,2.8924985382556896,21.58600805116781,72.19643651878094,0.01,0.1,0.001,0.0001,0.25,140.13
1776370284160949453,-5.997161104415697,-3.386828358254144,0.3297724942568738,-0.05441390822015229,-6.4849721165030685,-3.2727930296017385,2.8924985382556896,23.566917614894034,107.63218432020437,0.01,0.1,0.001,0.0001,0.25,187.87
1776370284263152052,-5.964794190691685,-3.388955616550711,0.303582430848794,0.012787773254335645,-6.4849721165030685,-3.2727930296017385,2.8924985382556896,25.700133423786305,102.58900799845055,0.01,0.1,0.001,0.0001,0.25,187.87
1776370284364588398,-6.264737481121205,-3.3194613425753077,0.27460176161386796,0.11418014898647069,-6.5195947633752205,-3.2894909530203766,2.8924985382556896,12.082867895848768,30.516647245378067,0.01,0.1,0.001,0.0001,0.25,242.67
1776370284463193307,-6.238641385487776,-3.313914639030274,0.25470813687657395,-0.0016757678093392153,-6.5195947633752205,-3.2894909530203766,2.8924985382556896,13.28765629968781,331.22600592182636,0.01,0.1,0.001,0.0001,0.25,242.67
1776370284563588228,-6.216661376886081,-3.3141191412427107,0.1832236987947905,-0.002398754221757574,-6.5195947633752205,-3.2894909530203766,2.8924985382556896,14.655168422544065,257.2005678339229,0.01,0.1,0.001,0.0001,0.25,61.07
1776370284672441495,-6.198957758220414,-3.3166520768161245,0.14203063329834947,-0.0441368317352183,-6.5195947633752205,-3.2894909530203766,2.8924985382556896,16.289055584344776,265.6052603106068,0.01,0.1,0.001,0.0001,0.25,95.47
1776370284764560628,-6.185833674640442,-3.3212524963600027,0.14295038672550964,-0.0557583149364196,-6.5195947633752205,-3.2894909530203766,2.8924985382556896,17.78880412396652,327.818497140773,0.01,0.1,0.001,0.0001,0.25,117.2
1776370284865225146,-6.172733656569778,-3.3253532393665424,0.11730673604346327,-0.02571085329983835,-6.5195947633752205,-3.2894909530203766,2.8924985382556896,19.54753581905922,74.34733854667196,0.01,0.1,0.001,0.0001,0.25,117.2
1776370284970676152,-6.1583782354441094,-3.3240854646333315,0.1549564672448189,0.04975531754023471,-6.5195947633752205,-3.2894909530203766,2.8924985382556896,21.51778620667337,249.7020351087346,0.01,0.1,0.001,0.0001,0.25,160.67
1776370285062413519,-6.143493027302211,-3.321346521174194,0.16956109197598446,0.009957333954450254,-6.5195947633752205,-3.2894909530203766,2.8924985382556896,23.32906292412514,86.48789878361022,0.01,0.1,0.001,0.0001,0.25,186.93
1776370285164369928,-6.120430054151958,-3.3205663794313134,0.2828188938112399,0.005345138465617034,-6.5195947633752205,-3.2894909530203766,2.8924985382556896,25.444187338795032,135.26097109328103,0.01,0.1,0.001,0.0001,0.25,186.93
1776370285595272532,-5.859724236586604,-3.272876163252468,0.9272598174780019,0.21601131561633238,-6.5195947633752205,-3.2894909530203766,2.8924985382556896,35.54211379319426,158.51206738753785,0.01,0.1,0.001,0.0001,0.25,211.07
1776370285663654484,-6.590260198804098,-3.3266476027499188,0.09178077883393869,-1.2167999193086618,-6.521100095289871,-3.295056927229599,2.8924985382556896,11.90815586591339,34.640306215572735,0.01,0.1,0.001,0.0001,0.25,239.2
1776370285666691740,-6.589984885377952,-3.330356251749456,0.08896026014769175,-1.2178981728845153,-6.521100095289871,-3.295056927229599,2.931138543081219,11.939239917645294,39.82561208367501,0.01,0.1,0.001,0.0001,0.25,239.2
1776370285679951260,-6.588862592119077,-3.3465396981616027,0.08021572348275366,-1.2216161373516297,-6.521100095289871,-3.295056927229599,3.1005586419951037,12.076076541786772,37.243454634748446,0.01,0.1,0.001,0.0001,0.25,239.2
1776370285752765566,-6.584182976581227,-3.4349432508068567,0.04831596201178627,-1.2065016285834391,-6.521100095289871,-3.295056927229599,3.1005586419951037,12.867144823194518,291.30217452259177,0.01,0.1,0.001,0.0001,0.25,239.2
1776370285765794694,-6.583581249562384,-3.450652720867529,0.04411195107719697,-1.2065419742002812,-6.521100095289871,-3.295056927229599,3.2778845792800055,13.015636100975794,292.55123448741824,0.01,0.1,0.001,0.0001,0.25,239.2
1776370285869414057,-6.580350662313748,-3.574998147621212,0.018261592871699303,-1.1942181178664706,-6.521100095289871,-3.295056927229599,3.2778845792800055,14.26985277258442,305.67438689679983,0.01,0.1,0.001,0.0001,0.25,373.87
1776370285961948826,-6.578688727822816,-3.6872972837591154,0.01764925976132087,-1.232326219872537,-6.521100095289871,-3.295056927229599,3.2778845792800055,15.49843763973738,178.1195421464624,0.01,0.1,0.001,0.0001,0.25,100.0
1776370286060435381,-6.579309418282433,-3.809186938276772,-0.03025379907797276,-1.2429219797017987,-6.521100095289871,-3.295056927229599,3.2778845792800055,16.917278339204998,161.35425818287834,0.01,0.1,0.001,0.0001,0.25,59.2
1776370286168571487,-6.577930485785788,-3.9390023729873054,0.05575798683655209,-1.1580927392012668,-6.521100095289871,-3.295056927229599,3.2778845792800055,18.601895757255747,31.014523519851195,0.01,0.1,0.001,0.0001,0.25,73.6
1776370286260365095,-6.570927672747603,-4.042499422825725,0.0968165692070858,-1.0968605695358098,-6.521100095289871,-3.295056927229599,3.2778845792800055,20.132692003783493,21.582850765177568,0.01,0.1,0.001,0.0001,0.25,73.6
1776370286364121609,-6.931099537261166,-3.3748708942859507,-1.1164375011497913,-0.25303428025929203,-6.171862971723703,-3.0872605446237347,3.2778845792800055,10.543272705087572,326.32232700412743,0.01,0.1,0.001,0.0001,0.25,106.67
1776370286462174526,-7.039285516151243,-3.398252306874203,-1.0902113937775877,-0.22387195822963102,-6.171862971723703,-3.0872605446237347,3.2778845792800055,11.354799915211546,306.32282979654383,0.01,0.1,0.001,0.0001,0.25,125.6
1776370286560212591,-7.147267759139423,-3.415707510436027,-1.1125186452768991,-0.13219678195804174,-6.171862971723703,-3.0872605446237347,3.2778845792800055,12.26995107340498,12.791607509547275,0.01,0.1,0.001,0.0001,0.25,148.0
1776370286903331042,-7.505744359196874,-3.428252103626259,-0.9771161293633662,0.05907173513539307,-6.171862971723703,-3.0872605446237347,3.2778845792800055,16.306079834226036,17.046522103809053,0.01,0.1,0.001,0.0001,0.25,100.0
1776370286957343344,-7.558792563671291,-3.4244651111221773,-0.9867698930670635,0.08112568944288104,-6.171862971723703,-3.0872605446237347,3.2778845792800055,17.059845187594473,47.25180241829391,0.01,0.1,0.001,0.0001,0.25,40.53
1776370286970964500,-7.572261366633829,-3.42332693956814,-0.9922968554638366,0.08611392962228026,-6.171862971723703,-3.0872605446237347,3.494832191928987,17.25503100944809,11.27470581258134,0.01,0.1,0.001,0.0001,0.25,51.33
1776370286983207578,-7.584437976803056,-3.4223288958014098,-0.9953119273200187,0.07679845147445982,-6.171862971723703,-3.0872605446237347,3.6916290787933788,17.432523678819074,349.15810679276603,0.01,0.1,0.001,0.0001,0.25,63.6
1776370287059223844,-7.657319403939451,-3.415641890747409,-0.9221665036444076,0.09913372305335498,-6.171862971723703,-3.0872605446237347,3.6916290787933788,18.572453379386825,11.674988721110655,0.01,0.1,0.001,0.0001,0.25,63.6
1776370287159259332,-7.751613464256601,-3.4084926396995967,-0.9631085113702573,0.043805337277431404,-6.171862971723703,-3.0872605446237347,3.6916290787933788,20.17257708886595,32.91936382342475,0.01,0.1,0.001,0.0001,0.25,127.47
1776370287268461345,-7.856787073206377,-3.4028759388855976,-0.9630602915929976,0.05905995365947482,-6.171862971723703,-3.0872605446237347,3.6916290787933788,22.046665758003382,35.9747939003714,0.01,0.1,0.001,0.0001,0.25,132.4
1776370287358069304,-7.569349858822863,-2.8023041299710556,-1.2301892557731149,0.5981238680265486,-6.335944205611915,-3.2375418577643975,3.6916290787933788,10.19418631881978,168.48372546669424,0.01,0.1,0.001,0.0001,0.25,168.93
1776370287460817375,-7.695441945099005,-2.740039063166353,-1.2238033054992274,0.6136731231917449,-6.335944205611915,-3.2375418577643975,3.6916290787933788,10.988172315248148,205.49061024353057,0.01,0.1,0.001,0.0001,0.25,194.0
1776370287561042662,-7.818880855420093,-2.6788880053235347,-1.2398516319339432,0.6068099902109749,-6.335944205611915,-3.2375418577643975,3.6916290787933788,11.886767838423562,203.5966168315368,0.01,0.1,0.001,0.0001,0.25,35.87
1776370287659410770,-7.941784226391997,-2.6185131647874864,-1.2590215621351206,0.6207321790450215,-6.335944205611915,-3.2375418577643975,3.6916290787933788,12.890907609697216,174.8751870651135,0.01,0.1,0.001,0.0001,0.25,46.53
1776370287763177542,-8.072985688540205,-2.5541761563977685,-1.2697562329108165,0.6192997196225434,-6.335944205611915,-3.2375418577643975,3.6916290787933788,14.079375490361679,145.89340932003554,0.01,0.1,0.001,0.0001,0.25,58.53
1776370287858493598,-8.19439224469307,-2.495135841379718,-1.2777293002219787,0.6195489319338978,-6.335944205611915,-3.2375418577643975,3.6916290787933788,15.28694753386697,135.12528934886478,0.01,0.1,0.001,0.0001,0.25,58.53
1776370287960728623,-8.325778702682005,-2.4312752479290376,-1.2922852484386087,0.6296106600551773,-6.335944205611915,-3.2375418577643975,3.6916290787933788,16.70465816419809,81.31123567661814,0.01,0.1,0.001,0.0001,0.25,87.73
1776370288060300510,-8.454814665606705,-2.3684259811254984,-1.2997593788043105,0.6328908988267943,-6.335944205611915,-3.2375418577643975,3.6916290787933788,18.204856182461462,55.23795312691012,0.01,0.1,0.001,0.0001,0.25,122.67
1776370288169518727,-8.59833338487696,-2.2987569111508304,-1.3282570455706717,0.6428413617125633,-6.335944205611915,-3.2375418577643975,3.6916290787933788,19.984299702068597,57.9234100617991,0.01,0.1,0.001,0.0001,0.25,142.67
1776370288259310707,-8.718017599298552,-2.2402454487308963,-1.3377175736673876,0.6605057379857021,-6.335944205611915,-3.2375418577643975,3.6916290787933788,21.550067771318876,60.10502175778533,0.01,0.1,0.001,0.0001,0.25,142.67
1776370288363007497,-8.857082185518278,-2.171359578520088,-1.3440351073841146,0.6679048383238875,-6.335944205611915,-3.2375418577643975,3.6916290787933788,23.47192504518623,82.14220313698996,0.01,0.1,0.001,0.0001,0.25,166.4
1776370288460076156,-7.611439828266595,-2.642905784454929,-0.723203220735551,0.5410233761584324,-6.510562768036759,-3.280214328811025,3.6916290787933788,10.62436883179112,357.39448883627017,0.01,0.1,0.001,0.0001,0.25,187.33
1776370288563357791,-7.685698025669362,-2.5865796487920454,-0.7149751104586614,0.5498599286286826,-6.510562768036759,-3.280214328811025,3.6916290787933788,11.61624743073581,346.50299286928345,0.01,0.1,0.001,0.0001,0.25,212.93
1776370288661153722,-7.755155656402488,-2.532236719465511,-0.7054007169778691,0.561427375484456,-6.510562768036759,-3.280214328811025,3.6916290787933788,12.698907593249098,347.23171163690176,0.01,0.1,0.001,0.0001,0.25,100.0
1776370288763702770,-7.826629055997039,-2.474835755463638,-0.688676655172017,0.5581693627222227,-6.510562768036759,-3.280214328811025,3.6916290787933788,13.97915672093516,348.1143683141892,0.01,0.1,0.001,0.0001,0.25,54.93
1776370288862822871,-7.894733828433109,-2.419517718157748,-0.6855220486331678,0.558022240944882,-6.510562768036759,-3.280214328811025,3.6916290787933788,15.353497914672946,344.8801429717739,0.01,0.1,0.001,0.0001,0.25,69.33
1776370288960001644,-7.960825191746852,-2.3651340773222853,-0.6746656108674716,0.5612156357495077,-6.510562768036759,-3.280214328811025,3.6916290787933788,16.826781775892126,344.4754251703815,0.01,0.1,0.001,0.0001,0.25,86.4
1776370289062450912,-8.029436941656956,-2.3073539680297417,-0.6645409510520125,0.5665722666780476,-6.510562768036759,-3.280214328811025,3.6916290787933788,18.509901512754237,342.06171511674586,0.01,0.1,0.001,0.0001,0.25,104.67
1776370289161787758,-8.095097873995904,-2.2510747023875095,-0.6576905146226315,0.5667381090121388,-6.510562768036759,-3.280214328811025,3.6916290787933788,20.26387922519882,335.21926522420654,0.01,0.1,0.001,0.0001,0.25,124.4
1776370289263978077,-8.1619793772372,-2.1929164661198666,-0.6510860525980774,0.5713364426821379,-6.510562768036759,-3.280214328811025,3.6916290787933788,22.190997822245006,329.34969165091366,0.01,0.1,0.001,0.0001,0.25,146.8
1776370289362349388,-8.225860563628727,-2.136684396643143,-0.647734478248708,0.5719636500985161,-6.510562768036759,-3.280214328811025,3.6916290787933788,24.159922402700193,323.81670281907327,0.01,0.1,0.001,0.0001,0.25,170.13
1776370289463025515,-7.1749081547015985,-2.787143534067134,-0.06985080145537467,0.1987376798807437,-6.50905743612211,-3.2598057553922573,3.6916290787933788,11.350383533665916,240.44154966249076,0.01,0.1,0.001,0.0001,0.25,195.87
1776370289561658571,-7.18181964710087,-2.7679394923589453,-0.0702866280507219,0.19064349652005827,-6.50905743612211,-3.2598057553922573,3.6916290787933788,12.484610587369763,234.20022277858928,0.01,0.1,0.001,0.0001,0.25,100.0
1776370289664798221,-7.188905667377483,-2.748512477915127,-0.06713613214021742,0.18611437925825353,-6.50905743612211,-3.2598057553922573,3.6916290787933788,13.826697196685453,229.79258719919403,0.01,0.1,0.001,0.0001,0.25,51.33
1776370289763044826,-7.195459779749557,-2.730363805570819,-0.06627498783963127,0.18330783478829382,-6.50905743612211,-3.2598057553922573,3.6916290787933788,15.246493140240487,226.29055082411105,0.01,0.1,0.001,0.0001,0.25,84.4
1776370289866362850,-7.202430851046177,-2.7116224386258185,-0.06868352865059556,0.1795212014205804,-6.50905743612211,-3.2598057553922573,3.6916290787933788,16.880428449556806,220.39942408235405,0.01,0.1,0.001,0.0001,0.25,84.4
1776370289963752681,-7.2092619462046486,-2.694102574692195,-0.07159865081311946,0.1802636704778312,-6.50905743612211,-3.2598057553922573,3.6916290787933788,18.54704804622668,219.93616350100308,0.01,0.1,0.001,0.0001,0.25,103.33
1776370290391132958,-7.239754432343703,-2.6218297999042983,-0.0710976644029845,0.1579527217719171,-6.50905743612211,-3.2598057553922573,3.6916290787933788,27.198967380035512,221.27897834746267,0.01,0.1,0.001,0.0001,0.25,147.33
1776370290454207450,-6.788253767928883,-3.0118438896337834,0.0814491020591169,0.01733623630519802,-6.501530773981821,-3.2727930296017385,3.6916290787933788,11.671574145420516,198.7758555141743,0.01,0.1,0.001,0.0001,0.25,147.33
1776370290459148533,-6.7878517383385315,-3.0117571974992154,0.08104332829163376,0.017703014477080368,-6.501530773981821,-3.2727930296017385,3.76606204241258,11.728835752002388,198.61975209075817,0.01,0.1,0.001,0.0001,0.25,147.33
1776370290467580157,-6.787171486521889,-3.0116050790551436,0.08027706860935274,0.01837157903856812,-6.501530773981821,-3.2727930296017385,3.8934709009499726,11.827299326781654,198.71584249841524,0.01,0.1,0.001,0.0001,0.25,147.33
1776370290475604885,-6.786529898481876,-3.011455485650448,0.07963747920312514,0.01891428069654981,-6.501530773981821,-3.2727930296017385,4.015337813282847,11.921997306745014,198.90184026566297,0.01,0.1,0.001,0.0001,0.25,147.33
1776370290568232895,-6.7793105602869685,-3.0096865820483893,0.07626528899431514,0.019285476786742625,-6.501530773981821,-3.2727930296017385,4.015337813282847,13.085045195234667,196.8241789842391,0.01,0.1,0.001,0.0001,0.25,262.67
1776370290676660894,-6.771121609862699,-3.007452541871932,0.07478249118602652,0.021922100742052576,-6.501530773981821,-3.2727930296017385,4.015337813282847,14.604472879527986,202.04468166376768,0.01,0.1,0.001,0.0001,0.25,55.6
1776370290769185661,-6.764432384704888,-3.0050461748093915,0.06982935857056329,0.030100246226031514,-6.501530773981821,-3.2727930296017385,4.015337813282847,16.028632100800664,201.8925096924315,0.01,0.1,0.001,0.0001,0.25,56.4
1776370291361400870,-6.644065265800007,-3.1181746605854928,0.11843932336095879,0.003158202773406897,-6.497014776954351,-3.267227054601544,4.015337813282847,10.123471150938746,196.85980195656677,0.01,0.1,0.001,0.0001,0.25,57.73
1776370291363699853,-6.643787409403976,-3.118166971630287,0.11834555209769732,0.003394204609828897,-6.497014776954351,-3.267227054601544,4.048186084806356,10.145938624353938,196.80904287918577,0.01,0.1,0.001,0.0001,0.25,57.73
1776370291369499562,-6.6431023638670235,-3.1181456915038117,0.11813052474269299,0.003951644026554414,-6.497014776954351,-3.267227054601544,4.129509510300993,10.201805365539837,197.17251146949073,0.01,0.1,0.001,0.0001,0.25,57.73
1776370291372751506,-6.642717560476803,-3.1181322879773488,0.1179773317999358,0.0042724984411612885,-6.497014776954351,-3.267227054601544,4.175406440459813,10.233486594323697,197.36008032061883,0.01,0.1,0.001,0.0001,0.25,57.73
1776370291377111209,-6.64220333040198,-3.1181127842720477,0.11772384153704649,0.0046671697131233265,-6.497014776954351,-3.267227054601544,4.237009512739669,10.276178989001023,197.4756197476493,0.01,0.1,0.001,0.0001,0.25,57.73
1776370291466193955,-6.631944211302984,-3.117421479810406,0.11260991050751519,0.010853729198237428,-6.497014776954351,-3.267227054601544,4.237009512739669,11.217204207543546,198.41556636272156,0.01,0.1,0.001,0.0001,0.25,57.73
1776370291567365997,-6.620733291066521,-3.1160616765758378,0.109015748823391,0.016027854299367227,-6.497014776954351,-3.267227054601544,4.237009512739669,12.440719066357826,195.02376784540218,0.01,0.1,0.001,0.0001,0.25,57.73
1776370291669448073,-6.609764330217837,-3.113903801356135,0.10597096706461138,0.026265532757051686,-6.497014776954351,-3.267227054601544,4.237009512739669,13.832077866457835,195.76273880692747,0.01,0.1,0.001,0.0001,0.25,57.73
1776370291767763438,-6.599494606983855,-3.1110266395701465,0.10288656009572972,0.03224791324052953,-6.497014776954351,-3.267227054601544,4.237009512739669,15.313889345470988,195.83140266757928,0.01,0.1,0.001,0.0001,0.25,57.73
1776370291876178621,-6.588061739018357,-3.1073293278625966,0.1080074362151813,0.035953770183562085,-6.497014776954351,-3.267227054601544,4.237009512739669,17.098771400790003,197.74249886485262,0.01,0.1,0.001,0.0001,0.25,57.73
1776370292075036462,-6.568117330716342,-3.098220037336203,0.09259086031645958,0.05566630370059343,-6.497014776954351,-3.267227054601544,4.237009512739669,20.758584773363356,195.66062805954115,0.01,0.1,0.001,0.0001,0.25,57.73
1776370292087729788,-6.566943665848379,-3.0975040297999152,0.09225480152946293,0.057100884399271884,-6.497014776954351,-3.267227054601544,4.5041554760477975,21.008581775812413,195.20268614570486,0.01,0.1,0.001,0.0001,0.25,57.73
1776370292176223264,-6.559032990237902,-3.091943607239337,0.08653418734012319,0.06857009191741932,-6.497014776954351,-3.267227054601544,4.5041554760477975,22.803091577555005,196.27338136317104,0.01,0.1,0.001,0.0001,0.25,57.73
1776370292277914074,-6.5503971329218365,-3.0843646116605576,0.08330377247550608,0.08048298983707687,-6.497014776954351,-3.267227054601544,4.5041554760477975,24.97634766218496,195.90809346277035,0.01,0.1,0.001,0.0001,0.25,57.73
1776370292368839480,-6.5077137648061045,-3.1537000713407015,0.12970985161919615,0.07752954385456463,-6.497014776954351,-3.267227054601544,4.5041554760477975,12.564923820176894,177.35400498351694,0.01,0.1,0.001,0.0001,0.25,57.73
1776370292473308319,-6.4941214230953666,-3.145078063176069,0.13044553699399367,0.08749440363227515,-6.497014776954351,-3.267227054601544,4.5041554760477975,13.925810060195838,177.6087155008868,0.01,0.1,0.001,0.0001,0.25,57.73
1776370292576105166,-6.480547271753652,-3.1355565988597456,0.13366309869522164,0.09776218346793161,-6.497014776954351,-3.267227054601544,4.5041554760477975,15.40885850353916,176.16906397402363,0.01,0.1,0.001,0.0001,0.25,57.73
1776370292667047109,-6.468301731832253,-3.12618954743133,0.13566477043175368,0.10825633571628417,-6.497014776954351,-3.267227054601544,4.5041554760477975,16.835256080409888,176.37526697955113,0.01,0.1,0.001,0.0001,0.25,57.73
1776370292795043253,-6.4506561859282865,-3.111429571928244,0.1400599769350182,0.12237923310527613,-6.497014776954351,-3.267227054601544,4.5041554760477975,19.01797008284824,176.50433981105778,0.01,0.1,0.001,0.0001,0.25,57.73
1776370292869047151,-6.440310336052718,-3.1021388334678943,0.13952005176162763,0.12868809887791155,-6.497014776954351,-3.267227054601544,4.5041554760477975,20.37049942016843,174.81343436321134,0.01,0.1,0.001,0.0001,0.25,57.73
1776370292969568386,-6.4263840298455905,-3.08847366317295,0.1375622353741808,0.1431985437901609,-6.497014776954351,-3.267227054601544,4.5041554760477975,22.310454433599382,177.15610191015557,0.01,0.1,0.001,0.0001,0.25,57.73
1776370293068451000,-6.412830734050368,-3.073841812308498,0.13655551291613802,0.15273316705591833,-6.497014776954351,-3.267227054601544,4.5041554760477975,24.331555990781013,173.44885898471907,0.01,0.1,0.001,0.0001,0.25,57.73
1776370293170411833,-6.398893979086258,-3.0579522829701378,0.1368190179943804,0.15894574531998143,-6.497014776954351,-3.267227054601544,4.5041554760477975,26.529797410353567,174.61524742282904,0.01,0.1,0.001,0.0001,0.25,57.73
1776370293268804643,-6.385613500759345,-3.0418515593659334,0.1331338526744022,0.16833437590815542,-6.497014776954351,-3.267227054601544,4.5041554760477975,28.75926124769884,174.93907123423782,0.01,0.1,0.001,0.0001,0.25,57.73
1776370293367678275,-6.372580829149858,-3.0246866339526965,0.130494520252463,0.17888233404167878,-6.497014776954351,-3.267227054601544,4.5041554760477975,31.104913646258314,177.77958475949893,0.01,0.1,0.001,0.0001,0.25,57.73
1776370293468740241,-6.412782029107841,-3.1942492555755106,0.13453629694014374,0.10070572059172653,-6.495509443756179,-3.267227054601544,4.5041554760477975,12.733400391560007,158.02336853020316,0.01,0.1,0.001,0.0001,0.25,57.73
1776370293571821408,-6.399028971026737,-3.183514488445664,0.13230870701030073,0.10757660907477429,-6.495509443756179,-3.267227054601544,4.5041554760477975,14.040846203680244,156.66677877658168,0.01,0.1,0.001,0.0001,0.25,57.73
1776370293670300164,-6.385964279639236,-3.1726823942340556,0.13301520524006358,0.11240666713472451,-6.495509443756179,-3.267227054601544,4.5041554760477975,15.419771882130833,161.14928820211802,0.01,0.1,0.001,0.0001,0.25,57.73
1776370293768954663,-6.372707342072621,-3.1611194485072063,0.13575245782971035,0.12201745122532896,-6.495509443756179,-3.267227054601544,4.5041554760477975,16.923780895283183,160.44166277406748,0.01,0.1,0.001,0.0001,0.25,57.73
1776370293871146370,-6.358852061783735,-3.1481702306438795,0.13540514592662428,0.13140787205413404,-6.495509443756179,-3.267227054601544,4.5041554760477975,18.607153279708776,161.34531042551077,0.01,0.1,0.001,0.0001,0.25,57.73
1776370293969802832,-6.345424268090704,-3.134890275976864,0.13680781101383443,0.13780804014889325,-6.495509443756179,-3.267227054601544,4.5041554760477975,20.349869706618946,162.7712036254467,0.01,0.1,0.001,0.0001,0.25,57.73
1776370294072857350,-6.331434902525274,-3.120354373273886,0.13469636140619065,0.14430326899458767,-6.495509443756179,-3.267227054601544,4.5041554760477975,22.290328098045403,160.27506473139846,0.01,0.1,0.001,0.0001,0.25,57.73
1776370294170382756,-6.31838817479734,-3.106060371893717,0.1328667261663534,0.1488389826717439,-6.495509443756179,-3.267227054601544,4.5041554760477975,24.23721539214788,160.80102451167494,0.01,0.1,0.001,0.0001,0.25,57.73
1776370294267950626,-6.305221588548557,-3.0911973186673256,0.13700775752839997,0.15580785135259073,-6.495509443756179,-3.267227054601544,4.5041554760477975,26.290645853937644,158.15989181699257,0.01,0.1,0.001,0.0001,0.25,57.73
1776370294371176609,-6.290948367782391,-3.07481403175418,0.13954519520543376,0.1616290078919822,-6.495509443756179,-3.267227054601544,4.5041554760477975,28.57554782946143,156.4662395980464,0.01,0.1,0.001,0.0001,0.25,57.73
1776370294468312435,-6.415384527181233,-3.2249314156442157,0.0716851260932354,0.06709558165672612,-6.500025440783647,-3.265371730392452,4.5041554760477975,12.294641177749034,159.65194717304195,0.01,0.1,0.001,0.0001,0.25,57.73
1776370294579200011,-6.407231250607717,-3.218126614323939,0.07535808455058178,0.05562806507653281,-6.500025440783647,-3.265371730392452,4.5041554760477975,13.664626819056009,158.64605103237736,0.01,0.1,0.001,0.0001,0.25,57.73
1776370294672388343,-6.400357618842188,-3.2133622651460105,0.0721732077107414,0.04663091750803501,-6.500025440783647,-3.265371730392452,4.5041554760477975,14.941825593698734,159.0850645693245,0.01,0.1,0.001,0.0001,0.25,57.73
1776370294773064265,-6.392734322732389,-3.209325546173527,0.07926735586145647,0.03356050984445649,-6.500025440783647,-3.265371730392452,4.5041554760477975,16.446515675919418,161.05243792134542,0.01,0.1,0.001,0.0001,0.25,57.73
1776370294871376444,-6.384916316534244,-3.2061949455086864,0.07978530539222926,0.030129688710712817,-6.500025440783647,-3.265371730392452,4.5041554760477975,18.037170978732075,166.57409593805068,0.01,0.1,0.001,0.0001,0.25,57.73
1776370294973947324,-6.378674540532675,-3.2037687264616235,0.041920206879213544,0.01717803779714129,-6.500025440783647,-3.265371730392452,4.5041554760477975,19.821561262140577,161.4379391110735,0.01,0.1,0.001,0.0001,0.25,57.73
1776370295080103838,-6.373851924150833,-3.20277599272999,0.048931820109941515,0.0015238170961888557,-6.500025440783647,-3.265371730392452,4.5041554760477975,21.798867467344955,165.49954158364136,0.01,0.1,0.001,0.0001,0.25,57.73
1776370295170653459,-6.369408041165212,-3.203169283899026,0.04922280525142766,-0.010210667645481496,-6.500025440783647,-3.265371730392452,4.5041554760477975,23.58746030234772,158.44399887265408,0.01,0.1,0.001,0.0001,0.25,57.73
1776370295272648329,-6.365039562529589,-3.204649402544699,0.036439253648292196,-0.01881316906744265,-6.500025440783647,-3.265371730392452,4.5041554760477975,25.71237915442299,156.4041652509018,0.01,0.1,0.001,0.0001,0.25,57.73
